"INFORMATION TYPE","DATE","PERIOD","USEP ($/MWh)","LCP ($/MWh)","DEMAND (MW)","TCL (MW)"
"USEP","01 Mar 2019","1","96.07","0.00","5496.278","0.000"
"USEP","01 Mar 2019","2","92.90","0.00","5396.033","0.000"
"USEP","01 Mar 2019","3","87.48","0.00","5252.863","0.000"
"USEP","01 Mar 2019","4","86.46","0.00","5167.339","0.000"
"USEP","01 Mar 2019","5","84.85","0.00","5120.338","0.000"
"USEP","01 Mar 2019","6","83.91","0.00","5057.810","0.000"
"USEP","01 Mar 2019","7","83.78","0.00","5033.149","0.000"
"USEP","01 Mar 2019","8","83.57","0.00","4998.697","0.000"
"USEP","01 Mar 2019","9","81.84","0.00","4994.363","0.000"
"USEP","01 Mar 2019","10","83.68","0.00","5027.399","0.000"
"USEP","01 Mar 2019","11","84.61","0.00","5099.404","0.000"
"USEP","01 Mar 2019","12","86.60","0.00","5249.895","0.000"
"USEP","01 Mar 2019","13","88.69","0.00","5431.773","0.000"
"USEP","01 Mar 2019","14","92.86","0.00","5581.474","0.000"
"USEP","01 Mar 2019","15","95.56","0.00","5755.161","0.000"
"USEP","01 Mar 2019","16","104.23","0.00","5989.914","0.000"
"USEP","01 Mar 2019","17","109.70","0.00","6255.436","0.000"
"USEP","01 Mar 2019","18","109.72","0.00","6422.965","0.000"
"USEP","01 Mar 2019","19","107.25","0.00","6514.934","0.000"
"USEP","01 Mar 2019","20","109.72","0.00","6592.571","0.000"
"USEP","01 Mar 2019","21","110.11","0.00","6650.466","0.000"
"USEP","01 Mar 2019","22","110.42","0.00","6682.761","0.000"
"USEP","01 Mar 2019","23","110.41","0.00","6678.780","0.000"
"USEP","01 Mar 2019","24","110.10","0.00","6631.829","0.000"
"USEP","01 Mar 2019","25","109.78","0.00","6585.354","0.000"
"USEP","01 Mar 2019","26","110.01","0.00","6607.058","0.000"
"USEP","01 Mar 2019","27","110.41","0.00","6670.749","0.000"
"USEP","01 Mar 2019","28","110.62","0.00","6711.836","0.000"
"USEP","01 Mar 2019","29","110.62","0.00","6711.448","0.000"
"USEP","01 Mar 2019","30","110.53","0.00","6697.502","0.000"
"USEP","01 Mar 2019","31","110.53","0.00","6689.839","0.000"
"USEP","01 Mar 2019","32","110.54","0.00","6694.466","0.000"
"USEP","01 Mar 2019","33","110.53","0.00","6690.867","0.000"
"USEP","01 Mar 2019","34","110.41","0.00","6669.606","0.000"
"USEP","01 Mar 2019","35","109.78","0.00","6588.734","0.000"
"USEP","01 Mar 2019","36","101.18","0.00","6479.921","0.000"
"USEP","01 Mar 2019","37","96.59","0.00","6395.878","0.000"
"USEP","01 Mar 2019","38","103.59","0.00","6388.065","0.000"
"USEP","01 Mar 2019","39","110.10","0.00","6378.120","0.000"
"USEP","01 Mar 2019","40","110.34","0.00","6335.085","0.000"
"USEP","01 Mar 2019","41","110.35","0.00","6270.808","0.000"
"USEP","01 Mar 2019","42","122.14","0.00","6217.187","0.000"
"USEP","01 Mar 2019","43","119.81","0.00","6145.688","0.000"
"USEP","01 Mar 2019","44","112.78","0.00","6031.125","0.000"
"USEP","01 Mar 2019","45","110.27","0.00","5916.248","0.000"
"USEP","01 Mar 2019","46","109.59","0.00","5798.400","0.000"
"USEP","01 Mar 2019","47","110.24","0.00","5686.142","0.000"
"USEP","01 Mar 2019","48","112.74","0.00","5566.360","0.000"
"USEP","02 Mar 2019","1","113.85","0.00","5450.122","0.000"
"USEP","02 Mar 2019","2","110.49","0.00","5348.664","0.000"
"USEP","02 Mar 2019","3","109.18","0.00","5255.487","0.000"
"USEP","02 Mar 2019","4","108.74","0.00","5188.988","0.000"
"USEP","02 Mar 2019","5","105.93","0.00","5116.655","0.000"
"USEP","02 Mar 2019","6","100.82","0.00","5064.196","0.000"
"USEP","02 Mar 2019","7","94.92","0.00","5012.454","0.000"
"USEP","02 Mar 2019","8","94.91","0.00","5003.488","0.000"
"USEP","02 Mar 2019","9","94.24","0.00","4983.051","0.000"
"USEP","02 Mar 2019","10","92.72","0.00","4985.621","0.000"
"USEP","02 Mar 2019","11","93.70","0.00","5007.772","0.000"
"USEP","02 Mar 2019","12","93.94","0.00","5084.181","0.000"
"USEP","02 Mar 2019","13","93.74","0.00","5145.764","0.000"
"USEP","02 Mar 2019","14","95.15","0.00","5224.131","0.000"
"USEP","02 Mar 2019","15","93.84","0.00","5312.025","0.000"
"USEP","02 Mar 2019","16","100.58","0.00","5468.740","0.000"
"USEP","02 Mar 2019","17","111.07","0.00","5694.313","0.000"
"USEP","02 Mar 2019","18","113.90","0.00","5850.182","0.000"
"USEP","02 Mar 2019","19","118.03","0.00","5956.321","0.000"
"USEP","02 Mar 2019","20","114.06","0.00","6046.517","0.000"
"USEP","02 Mar 2019","21","119.62","0.00","6109.248","0.000"
"USEP","02 Mar 2019","22","110.78","0.00","6121.330","0.000"
"USEP","02 Mar 2019","23","110.46","0.00","6101.659","0.000"
"USEP","02 Mar 2019","24","110.14","0.00","6052.859","0.000"
"USEP","02 Mar 2019","25","109.83","0.00","6018.978","0.000"
"USEP","02 Mar 2019","26","107.98","0.00","5997.100","0.000"
"USEP","02 Mar 2019","27","110.14","0.00","5986.141","0.000"
"USEP","02 Mar 2019","28","109.76","0.00","5994.943","0.000"
"USEP","02 Mar 2019","29","106.04","0.00","5986.852","0.000"
"USEP","02 Mar 2019","30","103.71","0.00","5971.137","0.000"
"USEP","02 Mar 2019","31","101.97","0.00","5961.117","0.000"
"USEP","02 Mar 2019","32","101.96","0.00","5957.971","0.000"
"USEP","02 Mar 2019","33","106.05","0.00","5944.955","0.000"
"USEP","02 Mar 2019","34","109.41","0.00","5915.180","0.000"
"USEP","02 Mar 2019","35","134.44","0.00","5888.004","0.000"
"USEP","02 Mar 2019","36","130.20","0.00","5859.734","0.000"
"USEP","02 Mar 2019","37","119.06","0.00","5874.510","0.000"
"USEP","02 Mar 2019","38","122.09","0.00","5937.391","0.000"
"USEP","02 Mar 2019","39","123.21","0.00","5982.697","0.000"
"USEP","02 Mar 2019","40","132.25","0.00","5988.676","0.000"
"USEP","02 Mar 2019","41","124.23","0.00","5962.305","0.000"
"USEP","02 Mar 2019","42","122.08","0.00","5955.586","0.000"
"USEP","02 Mar 2019","43","122.09","0.00","5949.915","0.000"
"USEP","02 Mar 2019","44","119.08","0.00","5867.309","0.000"
"USEP","02 Mar 2019","45","112.85","0.00","5768.053","0.000"
"USEP","02 Mar 2019","46","111.07","0.00","5682.812","0.000"
"USEP","02 Mar 2019","47","110.00","0.00","5574.481","0.000"
"USEP","02 Mar 2019","48","109.69","0.00","5452.696","0.000"
"USEP","03 Mar 2019","1","100.04","0.00","5331.935","0.000"
"USEP","03 Mar 2019","2","96.05","0.00","5256.635","0.000"
"USEP","03 Mar 2019","3","95.37","0.00","5174.411","0.000"
"USEP","03 Mar 2019","4","93.11","0.00","5099.911","0.000"
"USEP","03 Mar 2019","5","90.73","0.00","5035.912","0.000"
"USEP","03 Mar 2019","6","89.18","0.00","4980.174","0.000"
"USEP","03 Mar 2019","7","88.14","0.00","4938.152","0.000"
"USEP","03 Mar 2019","8","87.55","0.00","4901.374","0.000"
"USEP","03 Mar 2019","9","86.65","0.00","4880.704","0.000"
"USEP","03 Mar 2019","10","86.66","0.00","4877.260","0.000"
"USEP","03 Mar 2019","11","87.52","0.00","4899.381","0.000"
"USEP","03 Mar 2019","12","87.52","0.00","4944.762","0.000"
"USEP","03 Mar 2019","13","86.64","0.00","4976.640","0.000"
"USEP","03 Mar 2019","14","86.53","0.00","5006.997","0.000"
"USEP","03 Mar 2019","15","88.13","0.00","5048.934","0.000"
"USEP","03 Mar 2019","16","88.68","0.00","5120.516","0.000"
"USEP","03 Mar 2019","17","90.72","0.00","5256.421","0.000"
"USEP","03 Mar 2019","18","95.17","0.00","5365.990","0.000"
"USEP","03 Mar 2019","19","98.78","0.00","5460.226","0.000"
"USEP","03 Mar 2019","20","106.04","0.00","5551.719","0.000"
"USEP","03 Mar 2019","21","109.72","0.00","5613.024","0.000"
"USEP","03 Mar 2019","22","106.02","0.00","5635.672","0.000"
"USEP","03 Mar 2019","23","104.76","0.00","5619.157","0.000"
"USEP","03 Mar 2019","24","104.80","0.00","5617.854","0.000"
"USEP","03 Mar 2019","25","104.81","0.00","5618.481","0.000"
"USEP","03 Mar 2019","26","104.82","0.00","5625.160","0.000"
"USEP","03 Mar 2019","27","107.21","0.00","5651.069","0.000"
"USEP","03 Mar 2019","28","109.68","0.00","5671.153","0.000"
"USEP","03 Mar 2019","29","109.89","0.00","5687.246","0.000"
"USEP","03 Mar 2019","30","109.99","0.00","5696.818","0.000"
"USEP","03 Mar 2019","31","110.30","0.00","5700.978","0.000"
"USEP","03 Mar 2019","32","109.67","0.00","5712.006","0.000"
"USEP","03 Mar 2019","33","106.02","0.00","5719.675","0.000"
"USEP","03 Mar 2019","34","106.06","0.00","5714.347","0.000"
"USEP","03 Mar 2019","35","100.17","0.00","5716.295","0.000"
"USEP","03 Mar 2019","36","99.80","0.00","5732.413","0.000"
"USEP","03 Mar 2019","37","106.09","0.00","5765.508","0.000"
"USEP","03 Mar 2019","38","109.83","0.00","5850.788","0.000"
"USEP","03 Mar 2019","39","110.45","0.00","5930.065","0.000"
"USEP","03 Mar 2019","40","111.11","0.00","5948.583","0.000"
"USEP","03 Mar 2019","41","111.11","0.00","5965.774","0.000"
"USEP","03 Mar 2019","42","111.78","0.00","5998.944","0.000"
"USEP","03 Mar 2019","43","113.95","0.00","5974.069","0.000"
"USEP","03 Mar 2019","44","111.14","0.00","5893.471","0.000"
"USEP","03 Mar 2019","45","111.13","0.00","5777.550","0.000"
"USEP","03 Mar 2019","46","106.07","0.00","5656.993","0.000"
"USEP","03 Mar 2019","47","106.07","0.00","5527.828","0.000"
"USEP","03 Mar 2019","48","96.27","0.00","5380.979","0.000"
"USEP","04 Mar 2019","1","101.33","0.00","5239.200","0.000"
"USEP","04 Mar 2019","2","95.44","0.00","5145.659","0.000"
"USEP","04 Mar 2019","3","94.88","0.00","5078.510","0.000"
"USEP","04 Mar 2019","4","92.73","0.00","5006.425","0.000"
"USEP","04 Mar 2019","5","89.93","0.00","4965.422","0.000"
"USEP","04 Mar 2019","6","89.77","0.00","4919.445","0.000"
"USEP","04 Mar 2019","7","88.62","0.00","4882.428","0.000"
"USEP","04 Mar 2019","8","88.63","0.00","4867.424","0.000"
"USEP","04 Mar 2019","9","88.63","0.00","4858.582","0.000"
"USEP","04 Mar 2019","10","89.90","0.00","4887.557","0.000"
"USEP","04 Mar 2019","11","90.68","0.00","4978.479","0.000"
"USEP","04 Mar 2019","12","105.79","0.00","5137.847","0.000"
"USEP","04 Mar 2019","13","110.98","0.00","5335.086","0.000"
"USEP","04 Mar 2019","14","111.83","0.00","5494.722","0.000"
"USEP","04 Mar 2019","15","113.94","0.00","5712.408","0.000"
"USEP","04 Mar 2019","16","116.12","0.00","5967.101","0.000"
"USEP","04 Mar 2019","17","121.18","0.00","6238.274","0.000"
"USEP","04 Mar 2019","18","115.61","0.00","6424.932","0.000"
"USEP","04 Mar 2019","19","127.27","0.00","6522.553","0.000"
"USEP","04 Mar 2019","20","116.10","0.00","6601.397","0.000"
"USEP","04 Mar 2019","21","116.24","0.00","6675.917","0.000"
"USEP","04 Mar 2019","22","115.68","0.00","6701.751","0.000"
"USEP","04 Mar 2019","23","116.02","0.00","6707.979","0.000"
"USEP","04 Mar 2019","24","115.37","0.00","6646.232","0.000"
"USEP","04 Mar 2019","25","111.42","0.00","6612.023","0.000"
"USEP","04 Mar 2019","26","114.20","0.00","6627.157","0.000"
"USEP","04 Mar 2019","27","116.48","0.00","6688.223","0.000"
"USEP","04 Mar 2019","28","110.06","0.00","6732.889","0.000"
"USEP","04 Mar 2019","29","110.62","0.00","6752.515","0.000"
"USEP","04 Mar 2019","30","111.19","0.00","6751.705","0.000"
"USEP","04 Mar 2019","31","116.23","0.00","6782.763","0.000"
"USEP","04 Mar 2019","32","117.34","0.00","6794.417","0.000"
"USEP","04 Mar 2019","33","116.54","0.00","6787.887","0.000"
"USEP","04 Mar 2019","34","105.89","0.00","6774.393","0.000"
"USEP","04 Mar 2019","35","102.73","0.00","6714.609","0.000"
"USEP","04 Mar 2019","36","96.23","0.00","6583.824","0.000"
"USEP","04 Mar 2019","37","94.14","0.00","6493.524","0.000"
"USEP","04 Mar 2019","38","96.09","0.00","6492.321","0.000"
"USEP","04 Mar 2019","39","100.94","0.00","6493.499","0.000"
"USEP","04 Mar 2019","40","101.06","0.00","6466.984","0.000"
"USEP","04 Mar 2019","41","100.26","0.00","6413.725","0.000"
"USEP","04 Mar 2019","42","109.60","0.00","6358.702","0.000"
"USEP","04 Mar 2019","43","111.17","0.00","6282.319","0.000"
"USEP","04 Mar 2019","44","101.04","0.00","6148.143","0.000"
"USEP","04 Mar 2019","45","100.04","0.00","5984.203","0.000"
"USEP","04 Mar 2019","46","96.07","0.00","5837.513","0.000"
"USEP","04 Mar 2019","47","89.93","0.00","5681.972","0.000"
"USEP","04 Mar 2019","48","87.21","0.00","5502.714","0.000"
"USEP","05 Mar 2019","1","89.36","0.00","5359.668","0.000"
"USEP","05 Mar 2019","2","87.81","0.00","5241.745","0.000"
"USEP","05 Mar 2019","3","87.18","0.00","5195.434","0.000"
"USEP","05 Mar 2019","4","84.62","0.00","5113.727","0.000"
"USEP","05 Mar 2019","5","82.44","0.00","5054.291","0.000"
"USEP","05 Mar 2019","6","82.27","0.00","5016.867","0.000"
"USEP","05 Mar 2019","7","80.48","0.00","4973.593","0.000"
"USEP","05 Mar 2019","8","80.27","0.00","4951.188","0.000"
"USEP","05 Mar 2019","9","80.26","0.00","4949.260","0.000"
"USEP","05 Mar 2019","10","80.61","0.00","4985.794","0.000"
"USEP","05 Mar 2019","11","83.49","0.00","5084.548","0.000"
"USEP","05 Mar 2019","12","87.26","0.00","5241.118","0.000"
"USEP","05 Mar 2019","13","89.31","0.00","5423.512","0.000"
"USEP","05 Mar 2019","14","90.72","0.00","5576.782","0.000"
"USEP","05 Mar 2019","15","88.84","0.00","5756.641","0.000"
"USEP","05 Mar 2019","16","91.91","0.00","6004.585","0.000"
"USEP","05 Mar 2019","17","104.02","0.00","6277.597","0.000"
"USEP","05 Mar 2019","18","103.18","0.00","6441.199","0.000"
"USEP","05 Mar 2019","19","106.12","0.00","6552.348","0.000"
"USEP","05 Mar 2019","20","104.07","0.00","6611.581","0.000"
"USEP","05 Mar 2019","21","115.38","0.00","6682.642","0.000"
"USEP","05 Mar 2019","22","115.39","0.00","6697.164","0.000"
"USEP","05 Mar 2019","23","115.61","0.00","6696.891","0.000"
"USEP","05 Mar 2019","24","115.38","0.00","6642.822","0.000"
"USEP","05 Mar 2019","25","106.12","0.00","6601.705","0.000"
"USEP","05 Mar 2019","26","113.29","0.00","6615.984","0.000"
"USEP","05 Mar 2019","27","115.39","0.00","6672.578","0.000"
"USEP","05 Mar 2019","28","115.38","0.00","6712.994","0.000"
"USEP","05 Mar 2019","29","115.58","0.00","6740.125","0.000"
"USEP","05 Mar 2019","30","115.63","0.00","6731.363","0.000"
"USEP","05 Mar 2019","31","115.90","0.00","6726.939","0.000"
"USEP","05 Mar 2019","32","116.04","0.00","6745.801","0.000"
"USEP","05 Mar 2019","33","115.72","0.00","6743.037","0.000"
"USEP","05 Mar 2019","34","115.62","0.00","6731.373","0.000"
"USEP","05 Mar 2019","35","115.39","0.00","6665.649","0.000"
"USEP","05 Mar 2019","36","97.76","0.00","6555.430","0.000"
"USEP","05 Mar 2019","37","94.46","0.00","6476.099","0.000"
"USEP","05 Mar 2019","38","97.40","0.00","6469.990","0.000"
"USEP","05 Mar 2019","39","105.46","0.00","6500.874","0.000"
"USEP","05 Mar 2019","40","106.13","0.00","6475.895","0.000"
"USEP","05 Mar 2019","41","106.12","0.00","6433.615","0.000"
"USEP","05 Mar 2019","42","116.03","0.00","6385.441","0.000"
"USEP","05 Mar 2019","43","115.35","0.00","6316.298","0.000"
"USEP","05 Mar 2019","44","111.13","0.00","6187.978","0.000"
"USEP","05 Mar 2019","45","105.95","0.00","6032.471","0.000"
"USEP","05 Mar 2019","46","97.75","0.00","5885.106","0.000"
"USEP","05 Mar 2019","47","94.84","0.00","5742.661","0.000"
"USEP","05 Mar 2019","48","89.91","0.00","5587.448","0.000"
"USEP","06 Mar 2019","1","99.73","0.00","5465.240","0.000"
"USEP","06 Mar 2019","2","94.76","0.00","5361.005","0.000"
"USEP","06 Mar 2019","3","93.48","0.00","5273.930","0.000"
"USEP","06 Mar 2019","4","92.69","0.00","5217.024","0.000"
"USEP","06 Mar 2019","5","89.44","0.00","5150.520","0.000"
"USEP","06 Mar 2019","6","87.65","0.00","5108.534","0.000"
"USEP","06 Mar 2019","7","87.15","0.00","5084.916","0.000"
"USEP","06 Mar 2019","8","86.74","0.00","5058.868","0.000"
"USEP","06 Mar 2019","9","86.62","0.00","5062.029","0.000"
"USEP","06 Mar 2019","10","86.75","0.00","5088.350","0.000"
"USEP","06 Mar 2019","11","88.28","0.00","5178.357","0.000"
"USEP","06 Mar 2019","12","94.62","0.00","5338.361","0.000"
"USEP","06 Mar 2019","13","102.11","0.00","5527.286","0.000"
"USEP","06 Mar 2019","14","105.98","0.00","5685.217","0.000"
"USEP","06 Mar 2019","15","94.83","0.00","5856.300","0.000"
"USEP","06 Mar 2019","16","100.98","0.00","6104.139","0.000"
"USEP","06 Mar 2019","17","115.64","0.00","6374.477","0.000"
"USEP","06 Mar 2019","18","115.54","0.00","6547.910","0.000"
"USEP","06 Mar 2019","19","115.34","0.00","6643.856","0.000"
"USEP","06 Mar 2019","20","114.76","0.00","6698.337","0.000"
"USEP","06 Mar 2019","21","115.39","0.00","6750.701","0.000"
"USEP","06 Mar 2019","22","115.62","0.00","6786.773","0.000"
"USEP","06 Mar 2019","23","115.41","0.00","6775.501","0.000"
"USEP","06 Mar 2019","24","114.18","0.00","6721.125","0.000"
"USEP","06 Mar 2019","25","106.12","0.00","6688.835","0.000"
"USEP","06 Mar 2019","26","107.54","0.00","6701.916","0.000"
"USEP","06 Mar 2019","27","115.37","0.00","6749.528","0.000"
"USEP","06 Mar 2019","28","115.69","0.00","6806.022","0.000"
"USEP","06 Mar 2019","29","115.72","0.00","6823.457","0.000"
"USEP","06 Mar 2019","30","115.73","0.00","6816.256","0.000"
"USEP","06 Mar 2019","31","115.71","0.00","6801.803","0.000"
"USEP","06 Mar 2019","32","115.72","0.00","6807.747","0.000"
"USEP","06 Mar 2019","33","115.59","0.00","6788.732","0.000"
"USEP","06 Mar 2019","34","115.32","0.00","6752.391","0.000"
"USEP","06 Mar 2019","35","106.09","0.00","6688.551","0.000"
"USEP","06 Mar 2019","36","98.98","0.00","6570.027","0.000"
"USEP","06 Mar 2019","37","96.88","0.00","6483.295","0.000"
"USEP","06 Mar 2019","38","98.97","0.00","6481.844","0.000"
"USEP","06 Mar 2019","39","100.99","0.00","6480.810","0.000"
"USEP","06 Mar 2019","40","106.08","0.00","6468.664","0.000"
"USEP","06 Mar 2019","41","106.11","0.00","6420.206","0.000"
"USEP","06 Mar 2019","42","115.99","0.00","6377.027","0.000"
"USEP","06 Mar 2019","43","115.38","0.00","6313.804","0.000"
"USEP","06 Mar 2019","44","111.13","0.00","6187.436","0.000"
"USEP","06 Mar 2019","45","110.52","0.00","6042.581","0.000"
"USEP","06 Mar 2019","46","105.97","0.00","5909.340","0.000"
"USEP","06 Mar 2019","47","98.79","0.00","5759.832","0.000"
"USEP","06 Mar 2019","48","92.81","0.00","5581.226","0.000"
"USEP","07 Mar 2019","1","95.07","0.00","5429.099","0.000"
"USEP","07 Mar 2019","2","93.32","0.00","5318.785","0.000"
"USEP","07 Mar 2019","3","92.70","0.00","5265.198","0.000"
"USEP","07 Mar 2019","4","90.89","0.00","5197.313","0.000"
"USEP","07 Mar 2019","5","89.43","0.00","5144.387","0.000"
"USEP","07 Mar 2019","6","89.28","0.00","5119.990","0.000"
"USEP","07 Mar 2019","7","88.27","0.00","5080.036","0.000"
"USEP","07 Mar 2019","8","88.14","0.00","5060.424","0.000"
"USEP","07 Mar 2019","9","87.65","0.00","5046.111","0.000"
"USEP","07 Mar 2019","10","88.25","0.00","5080.334","0.000"
"USEP","07 Mar 2019","11","89.39","0.00","5161.310","0.000"
"USEP","07 Mar 2019","12","92.81","0.00","5317.825","0.000"
"USEP","07 Mar 2019","13","97.73","0.00","5505.657","0.000"
"USEP","07 Mar 2019","14","97.82","0.00","5650.796","0.000"
"USEP","07 Mar 2019","15","92.97","0.00","5826.848","0.000"
"USEP","07 Mar 2019","16","94.90","0.00","6077.236","0.000"
"USEP","07 Mar 2019","17","106.11","0.00","6353.235","0.000"
"USEP","07 Mar 2019","18","105.92","0.00","6534.805","0.000"
"USEP","07 Mar 2019","19","101.03","0.00","6628.116","0.000"
"USEP","07 Mar 2019","20","105.98","0.00","6691.424","0.000"
"USEP","07 Mar 2019","21","115.34","0.00","6753.067","0.000"
"USEP","07 Mar 2019","22","115.37","0.00","6774.373","0.000"
"USEP","07 Mar 2019","23","111.47","0.00","6752.073","0.000"
"USEP","07 Mar 2019","24","106.13","0.00","6700.619","0.000"
"USEP","07 Mar 2019","25","101.02","0.00","6654.880","0.000"
"USEP","07 Mar 2019","26","103.99","0.00","6674.148","0.000"
"USEP","07 Mar 2019","27","111.47","0.00","6724.818","0.000"
"USEP","07 Mar 2019","28","114.67","0.00","6756.138","0.000"
"USEP","07 Mar 2019","29","115.36","0.00","6773.340","0.000"
"USEP","07 Mar 2019","30","115.37","0.00","6770.606","0.000"
"USEP","07 Mar 2019","31","115.38","0.00","6778.906","0.000"
"USEP","07 Mar 2019","32","115.40","0.00","6801.803","0.000"
"USEP","07 Mar 2019","33","115.39","0.00","6807.026","0.000"
"USEP","07 Mar 2019","34","115.39","0.00","6792.504","0.000"
"USEP","07 Mar 2019","35","113.61","0.00","6725.518","0.000"
"USEP","07 Mar 2019","36","98.99","0.00","6600.920","0.000"
"USEP","07 Mar 2019","37","101.70","0.00","6503.230","0.000"
"USEP","07 Mar 2019","38","98.98","0.00","6490.557","0.000"
"USEP","07 Mar 2019","39","101.71","0.00","6486.183","0.000"
"USEP","07 Mar 2019","40","106.13","0.00","6460.911","0.000"
"USEP","07 Mar 2019","41","106.13","0.00","6415.261","0.000"
"USEP","07 Mar 2019","42","116.23","0.00","6371.003","0.000"
"USEP","07 Mar 2019","43","115.62","0.00","6305.131","0.000"
"USEP","07 Mar 2019","44","111.64","0.00","6184.201","0.000"
"USEP","07 Mar 2019","45","111.09","0.00","6049.539","0.000"
"USEP","07 Mar 2019","46","111.08","0.00","5939.707","0.000"
"USEP","07 Mar 2019","47","113.76","0.00","5812.400","0.000"
"USEP","07 Mar 2019","48","111.01","0.00","5657.614","0.000"
"USEP","08 Mar 2019","1","112.17","0.00","5523.941","0.000"
"USEP","08 Mar 2019","2","110.98","0.00","5415.123","0.000"
"USEP","08 Mar 2019","3","110.94","0.00","5342.536","0.000"
"USEP","08 Mar 2019","4","105.94","0.00","5271.430","0.000"
"USEP","08 Mar 2019","5","100.88","0.00","5204.355","0.000"
"USEP","08 Mar 2019","6","98.54","0.00","5154.148","0.000"
"USEP","08 Mar 2019","7","94.76","0.00","5123.200","0.000"
"USEP","08 Mar 2019","8","94.73","0.00","5101.158","0.000"
"USEP","08 Mar 2019","9","94.76","0.00","5096.223","0.000"
"USEP","08 Mar 2019","10","94.78","0.00","5109.418","0.000"
"USEP","08 Mar 2019","11","100.84","0.00","5203.426","0.000"
"USEP","08 Mar 2019","12","105.94","0.00","5356.994","0.000"
"USEP","08 Mar 2019","13","110.96","0.00","5532.087","0.000"
"USEP","08 Mar 2019","14","113.30","0.00","5685.938","0.000"
"USEP","08 Mar 2019","15","106.00","0.00","5851.534","0.000"
"USEP","08 Mar 2019","16","113.45","0.00","6093.901","0.000"
"USEP","08 Mar 2019","17","124.91","0.00","6360.661","0.000"
"USEP","08 Mar 2019","18","114.82","0.00","6518.170","0.000"
"USEP","08 Mar 2019","19","112.81","0.00","6627.927","0.000"
"USEP","08 Mar 2019","20","111.78","0.00","6689.083","0.000"
"USEP","08 Mar 2019","21","110.20","0.00","6744.782","0.000"
"USEP","08 Mar 2019","22","111.81","0.00","6779.214","0.000"
"USEP","08 Mar 2019","23","111.80","0.00","6771.545","0.000"
"USEP","08 Mar 2019","24","103.08","0.00","6705.504","0.000"
"USEP","08 Mar 2019","25","102.11","0.00","6681.176","0.000"
"USEP","08 Mar 2019","26","103.10","0.00","6678.457","0.000"
"USEP","08 Mar 2019","27","106.12","0.00","6736.596","0.000"
"USEP","08 Mar 2019","28","110.07","0.00","6771.143","0.000"
"USEP","08 Mar 2019","29","110.91","0.00","6782.907","0.000"
"USEP","08 Mar 2019","30","106.14","0.00","6778.548","0.000"
"USEP","08 Mar 2019","31","110.40","0.00","6791.137","0.000"
"USEP","08 Mar 2019","32","111.81","0.00","6808.150","0.000"
"USEP","08 Mar 2019","33","106.13","0.00","6799.005","0.000"
"USEP","08 Mar 2019","34","106.11","0.00","6772.072","0.000"
"USEP","08 Mar 2019","35","102.11","0.00","6709.316","0.000"
"USEP","08 Mar 2019","36","98.98","0.00","6583.078","0.000"
"USEP","08 Mar 2019","37","99.01","0.00","6504.368","0.000"
"USEP","08 Mar 2019","38","100.99","0.00","6491.332","0.000"
"USEP","08 Mar 2019","39","104.89","0.00","6476.074","0.000"
"USEP","08 Mar 2019","40","111.13","0.00","6434.654","0.000"
"USEP","08 Mar 2019","41","106.11","0.00","6369.035","0.000"
"USEP","08 Mar 2019","42","113.97","0.00","6324.335","0.000"
"USEP","08 Mar 2019","43","113.96","0.00","6257.245","0.000"
"USEP","08 Mar 2019","44","112.35","0.00","6152.741","0.000"
"USEP","08 Mar 2019","45","111.76","0.00","6019.937","0.000"
"USEP","08 Mar 2019","46","111.70","0.00","5906.989","0.000"
"USEP","08 Mar 2019","47","112.22","0.00","5789.329","0.000"
"USEP","08 Mar 2019","48","110.27","0.00","5665.770","0.000"
"USEP","09 Mar 2019","1","114.39","0.00","5565.227","0.000"
"USEP","09 Mar 2019","2","113.27","0.00","5460.971","0.000"
"USEP","09 Mar 2019","3","111.62","0.00","5366.367","0.000"
"USEP","09 Mar 2019","4","107.09","0.00","5292.598","0.000"
"USEP","09 Mar 2019","5","105.97","0.00","5220.766","0.000"
"USEP","09 Mar 2019","6","100.96","0.00","5165.942","0.000"
"USEP","09 Mar 2019","7","102.62","0.00","5128.772","0.000"
"USEP","09 Mar 2019","8","98.06","0.00","5092.312","0.000"
"USEP","09 Mar 2019","9","98.03","0.00","5074.027","0.000"
"USEP","09 Mar 2019","10","100.60","0.00","5090.721","0.000"
"USEP","09 Mar 2019","11","98.06","0.00","5118.429","0.000"
"USEP","09 Mar 2019","12","100.44","0.00","5175.728","0.000"
"USEP","09 Mar 2019","13","100.42","0.00","5253.827","0.000"
"USEP","09 Mar 2019","14","100.44","0.00","5324.918","0.000"
"USEP","09 Mar 2019","15","102.62","0.00","5408.389","0.000"
"USEP","09 Mar 2019","16","107.01","0.00","5569.457","0.000"
"USEP","09 Mar 2019","17","112.32","0.00","5791.834","0.000"
"USEP","09 Mar 2019","18","106.00","0.00","5960.601","0.000"
"USEP","09 Mar 2019","19","111.75","0.00","6064.752","0.000"
"USEP","09 Mar 2019","20","111.76","0.00","6150.186","0.000"
"USEP","09 Mar 2019","21","113.49","0.00","6237.574","0.000"
"USEP","09 Mar 2019","22","114.03","0.00","6273.656","0.000"
"USEP","09 Mar 2019","23","113.89","0.00","6264.074","0.000"
"USEP","09 Mar 2019","24","112.88","0.00","6209.205","0.000"
"USEP","09 Mar 2019","25","111.77","0.00","6157.383","0.000"
"USEP","09 Mar 2019","26","111.74","0.00","6136.971","0.000"
"USEP","09 Mar 2019","27","112.33","0.00","6114.034","0.000"
"USEP","09 Mar 2019","28","111.74","0.00","6097.693","0.000"
"USEP","09 Mar 2019","29","110.78","0.00","6064.757","0.000"
"USEP","09 Mar 2019","30","106.05","0.00","6025.548","0.000"
"USEP","09 Mar 2019","31","106.04","0.00","6011.533","0.000"
"USEP","09 Mar 2019","32","110.28","0.00","6020.241","0.000"
"USEP","09 Mar 2019","33","110.28","0.00","6008.894","0.000"
"USEP","09 Mar 2019","34","106.05","0.00","5989.745","0.000"
"USEP","09 Mar 2019","35","109.72","0.00","5970.039","0.000"
"USEP","09 Mar 2019","36","106.05","0.00","5950.690","0.000"
"USEP","09 Mar 2019","37","106.04","0.00","5984.650","0.000"
"USEP","09 Mar 2019","38","111.62","0.00","6042.367","0.000"
"USEP","09 Mar 2019","39","112.37","0.00","6097.161","0.000"
"USEP","09 Mar 2019","40","112.34","0.00","6084.900","0.000"
"USEP","09 Mar 2019","41","111.82","0.00","6040.250","0.000"
"USEP","09 Mar 2019","42","111.58","0.00","6020.211","0.000"
"USEP","09 Mar 2019","43","111.79","0.00","6000.798","0.000"
"USEP","09 Mar 2019","44","111.57","0.00","5936.342","0.000"
"USEP","09 Mar 2019","45","106.01","0.00","5841.127","0.000"
"USEP","09 Mar 2019","46","105.88","0.00","5755.797","0.000"
"USEP","09 Mar 2019","47","105.98","0.00","5672.415","0.000"
"USEP","09 Mar 2019","48","112.70","0.00","5559.904","0.000"
"USEP","10 Mar 2019","1","121.08","0.00","5437.583","0.000"
"USEP","10 Mar 2019","2","121.02","0.00","5350.145","0.000"
"USEP","10 Mar 2019","3","114.46","0.00","5268.165","0.000"
"USEP","10 Mar 2019","4","113.72","0.00","5192.373","0.000"
"USEP","10 Mar 2019","5","113.13","0.00","5126.644","0.000"
"USEP","10 Mar 2019","6","112.07","0.00","5071.015","0.000"
"USEP","10 Mar 2019","7","112.07","0.00","5034.188","0.000"
"USEP","10 Mar 2019","8","111.43","0.00","4994.219","0.000"
"USEP","10 Mar 2019","9","111.43","0.00","4981.023","0.000"
"USEP","10 Mar 2019","10","111.40","0.00","4971.148","0.000"
"USEP","10 Mar 2019","11","111.40","0.00","5013.915","0.000"
"USEP","10 Mar 2019","12","111.46","0.00","5054.545","0.000"
"USEP","10 Mar 2019","13","99.89","0.00","5085.607","0.000"
"USEP","10 Mar 2019","14","99.89","0.00","5121.396","0.000"
"USEP","10 Mar 2019","15","111.45","0.00","5158.686","0.000"
"USEP","10 Mar 2019","16","112.06","0.00","5235.900","0.000"
"USEP","10 Mar 2019","17","113.13","0.00","5373.350","0.000"
"USEP","10 Mar 2019","18","114.22","0.00","5482.014","0.000"
"USEP","10 Mar 2019","19","114.48","0.00","5567.513","0.000"
"USEP","10 Mar 2019","20","121.07","0.00","5663.534","0.000"
"USEP","10 Mar 2019","21","149.99","0.00","5728.233","0.000"
"USEP","10 Mar 2019","22","132.23","0.00","5767.963","0.000"
"USEP","10 Mar 2019","23","132.11","0.00","5770.046","0.000"
"USEP","10 Mar 2019","24","121.08","0.00","5755.091","0.000"
"USEP","10 Mar 2019","25","121.08","0.00","5755.489","0.000"
"USEP","10 Mar 2019","26","289.15","0.00","5749.848","0.000"
"USEP","10 Mar 2019","27","299.61","0.00","5757.820","0.000"
"USEP","10 Mar 2019","28","301.12","0.00","5777.332","0.000"
"USEP","10 Mar 2019","29","290.76","0.00","5759.708","0.000"
"USEP","10 Mar 2019","30","282.81","0.00","5738.004","0.000"
"USEP","10 Mar 2019","31","285.04","0.00","5751.498","0.000"
"USEP","10 Mar 2019","32","286.41","0.00","5763.381","0.000"
"USEP","10 Mar 2019","33","285.03","0.00","5755.315","0.000"
"USEP","10 Mar 2019","34","282.85","0.00","5740.201","0.000"
"USEP","10 Mar 2019","35","284.45","0.00","5735.007","0.000"
"USEP","10 Mar 2019","36","286.49","0.00","5743.511","0.000"
"USEP","10 Mar 2019","37","288.44","0.00","5784.553","0.000"
"USEP","10 Mar 2019","38","288.05","0.00","5876.309","0.000"
"USEP","10 Mar 2019","39","393.84","0.00","5952.728","0.000"
"USEP","10 Mar 2019","40","284.64","0.00","5979.422","0.000"
"USEP","10 Mar 2019","41","286.72","0.00","6016.433","0.000"
"USEP","10 Mar 2019","42","286.38","0.00","6048.073","0.000"
"USEP","10 Mar 2019","43","146.59","0.00","6039.340","0.000"
"USEP","10 Mar 2019","44","121.19","0.00","5972.881","0.000"
"USEP","10 Mar 2019","45","116.13","0.00","5874.073","0.000"
"USEP","10 Mar 2019","46","114.59","0.00","5773.902","0.000"
"USEP","10 Mar 2019","47","114.69","0.00","5654.200","0.000"
"USEP","10 Mar 2019","48","113.25","0.00","5529.398","0.000"
"USEP","11 Mar 2019","1","105.98","0.00","5414.094","0.000"
"USEP","11 Mar 2019","2","101.14","0.00","5305.306","0.000"
"USEP","11 Mar 2019","3","101.01","0.00","5214.589","0.000"
"USEP","11 Mar 2019","4","97.97","0.00","5152.116","0.000"
"USEP","11 Mar 2019","5","94.58","0.00","5090.518","0.000"
"USEP","11 Mar 2019","6","94.27","0.00","5046.791","0.000"
"USEP","11 Mar 2019","7","93.71","0.00","5022.687","0.000"
"USEP","11 Mar 2019","8","93.31","0.00","4994.994","0.000"
"USEP","11 Mar 2019","9","93.30","0.00","4987.256","0.000"
"USEP","11 Mar 2019","10","93.71","0.00","5030.410","0.000"
"USEP","11 Mar 2019","11","94.81","0.00","5119.398","0.000"
"USEP","11 Mar 2019","12","101.00","0.00","5284.308","0.000"
"USEP","11 Mar 2019","13","105.94","0.00","5477.432","0.000"
"USEP","11 Mar 2019","14","100.39","0.00","5645.025","0.000"
"USEP","11 Mar 2019","15","97.52","0.00","5836.857","0.000"
"USEP","11 Mar 2019","16","99.90","0.00","6100.377","0.000"
"USEP","11 Mar 2019","17","102.48","0.00","6366.799","0.000"
"USEP","11 Mar 2019","18","102.08","0.00","6570.111","0.000"
"USEP","11 Mar 2019","19","102.17","0.00","6667.643","0.000"
"USEP","11 Mar 2019","20","112.02","0.00","6750.865","0.000"
"USEP","11 Mar 2019","21","115.61","0.00","6820.644","0.000"
"USEP","11 Mar 2019","22","115.72","0.00","6861.960","0.000"
"USEP","11 Mar 2019","23","116.16","0.00","6867.929","0.000"
"USEP","11 Mar 2019","24","115.38","0.00","6792.936","0.000"
"USEP","11 Mar 2019","25","108.65","0.00","6741.924","0.000"
"USEP","11 Mar 2019","26","106.78","0.00","6732.625","0.000"
"USEP","11 Mar 2019","27","115.40","0.00","6800.764","0.000"
"USEP","11 Mar 2019","28","115.62","0.00","6830.654","0.000"
"USEP","11 Mar 2019","29","115.72","0.00","6849.386","0.000"
"USEP","11 Mar 2019","30","116.02","0.00","6859.778","0.000"
"USEP","11 Mar 2019","31","116.23","0.00","6881.646","0.000"
"USEP","11 Mar 2019","32","116.03","0.00","6888.713","0.000"
"USEP","11 Mar 2019","33","115.59","0.00","6859.102","0.000"
"USEP","11 Mar 2019","34","110.09","0.00","6762.599","0.000"
"USEP","11 Mar 2019","35","99.81","0.00","6594.315","0.000"
"USEP","11 Mar 2019","36","93.95","0.00","6448.476","0.000"
"USEP","11 Mar 2019","37","93.94","0.00","6361.635","0.000"
"USEP","11 Mar 2019","38","94.91","0.00","6354.234","0.000"
"USEP","11 Mar 2019","39","98.69","0.00","6361.734","0.000"
"USEP","11 Mar 2019","40","98.95","0.00","6320.210","0.000"
"USEP","11 Mar 2019","41","99.26","0.00","6278.293","0.000"
"USEP","11 Mar 2019","42","110.64","0.00","6248.274","0.000"
"USEP","11 Mar 2019","43","106.10","0.00","6180.374","0.000"
"USEP","11 Mar 2019","44","102.31","0.00","6054.732","0.000"
"USEP","11 Mar 2019","45","99.83","0.00","5896.920","0.000"
"USEP","11 Mar 2019","46","98.19","0.00","5763.664","0.000"
"USEP","11 Mar 2019","47","91.86","0.00","5620.394","0.000"
"USEP","11 Mar 2019","48","88.64","0.00","5480.459","0.000"
"USEP","12 Mar 2019","1","92.60","0.00","5360.229","0.000"
"USEP","12 Mar 2019","2","91.41","0.00","5253.767","0.000"
"USEP","12 Mar 2019","3","89.76","0.00","5167.070","0.000"
"USEP","12 Mar 2019","4","87.66","0.00","5109.056","0.000"
"USEP","12 Mar 2019","5","84.25","0.00","5050.360","0.000"
"USEP","12 Mar 2019","6","82.67","0.00","5013.607","0.000"
"USEP","12 Mar 2019","7","82.66","0.00","4983.762","0.000"
"USEP","12 Mar 2019","8","82.59","0.00","4964.682","0.000"
"USEP","12 Mar 2019","9","81.55","0.00","4962.078","0.000"
"USEP","12 Mar 2019","10","82.66","0.00","4990.988","0.000"
"USEP","12 Mar 2019","11","85.09","0.00","5069.967","0.000"
"USEP","12 Mar 2019","12","90.68","0.00","5237.525","0.000"
"USEP","12 Mar 2019","13","93.43","0.00","5420.829","0.000"
"USEP","12 Mar 2019","14","92.62","0.00","5579.546","0.000"
"USEP","12 Mar 2019","15","90.99","0.00","5763.535","0.000"
"USEP","12 Mar 2019","16","92.73","0.00","6011.727","0.000"
"USEP","12 Mar 2019","17","99.99","0.00","6289.759","0.000"
"USEP","12 Mar 2019","18","99.95","0.00","6451.517","0.000"
"USEP","12 Mar 2019","19","99.96","0.00","6530.138","0.000"
"USEP","12 Mar 2019","20","100.01","0.00","6585.245","0.000"
"USEP","12 Mar 2019","21","103.68","0.00","6643.672","0.000"
"USEP","12 Mar 2019","22","106.97","0.00","6681.748","0.000"
"USEP","12 Mar 2019","23","111.81","0.00","6684.993","0.000"
"USEP","12 Mar 2019","24","103.68","0.00","6632.356","0.000"
"USEP","12 Mar 2019","25","101.14","0.00","6594.226","0.000"
"USEP","12 Mar 2019","26","102.22","0.00","6609.623","0.000"
"USEP","12 Mar 2019","27","105.98","0.00","6664.119","0.000"
"USEP","12 Mar 2019","28","110.15","0.00","6719.052","0.000"
"USEP","12 Mar 2019","29","115.41","0.00","6752.371","0.000"
"USEP","12 Mar 2019","30","115.01","0.00","6731.264","0.000"
"USEP","12 Mar 2019","31","115.23","0.00","6742.615","0.000"
"USEP","12 Mar 2019","32","115.41","0.00","6763.022","0.000"
"USEP","12 Mar 2019","33","115.63","0.00","6767.222","0.000"
"USEP","12 Mar 2019","34","106.14","0.00","6710.037","0.000"
"USEP","12 Mar 2019","35","100.06","0.00","6629.831","0.000"
"USEP","12 Mar 2019","36","97.92","0.00","6518.468","0.000"
"USEP","12 Mar 2019","37","98.82","0.00","6445.573","0.000"
"USEP","12 Mar 2019","38","100.01","0.00","6452.576","0.000"
"USEP","12 Mar 2019","39","103.70","0.00","6486.228","0.000"
"USEP","12 Mar 2019","40","106.11","0.00","6474.876","0.000"
"USEP","12 Mar 2019","41","106.11","0.00","6429.212","0.000"
"USEP","12 Mar 2019","42","115.38","0.00","6387.360","0.000"
"USEP","12 Mar 2019","43","111.23","0.00","6312.556","0.000"
"USEP","12 Mar 2019","44","111.13","0.00","6185.697","0.000"
"USEP","12 Mar 2019","45","106.04","0.00","6035.384","0.000"
"USEP","12 Mar 2019","46","99.93","0.00","5884.465","0.000"
"USEP","12 Mar 2019","47","95.87","0.00","5731.474","0.000"
"USEP","12 Mar 2019","48","90.77","0.00","5579.088","0.000"
"USEP","13 Mar 2019","1","95.72","0.00","5434.109","0.000"
"USEP","13 Mar 2019","2","93.68","0.00","5317.656","0.000"
"USEP","13 Mar 2019","3","91.36","0.00","5231.556","0.000"
"USEP","13 Mar 2019","4","90.68","0.00","5172.021","0.000"
"USEP","13 Mar 2019","5","88.30","0.00","5122.837","0.000"
"USEP","13 Mar 2019","6","88.22","0.00","5083.053","0.000"
"USEP","13 Mar 2019","7","84.32","0.00","5050.410","0.000"
"USEP","13 Mar 2019","8","82.58","0.00","5032.970","0.000"
"USEP","13 Mar 2019","9","83.97","0.00","5037.791","0.000"
"USEP","13 Mar 2019","10","85.10","0.00","5063.550","0.000"
"USEP","13 Mar 2019","11","88.28","0.00","5147.543","0.000"
"USEP","13 Mar 2019","12","93.40","0.00","5311.991","0.000"
"USEP","13 Mar 2019","13","96.57","0.00","5482.665","0.000"
"USEP","13 Mar 2019","14","95.80","0.00","5646.129","0.000"
"USEP","13 Mar 2019","15","90.89","0.00","5824.924","0.000"
"USEP","13 Mar 2019","16","98.16","0.00","6069.950","0.000"
"USEP","13 Mar 2019","17","106.12","0.00","6342.421","0.000"
"USEP","13 Mar 2019","18","100.02","0.00","6513.294","0.000"
"USEP","13 Mar 2019","19","105.84","0.00","6631.700","0.000"
"USEP","13 Mar 2019","20","106.13","0.00","6686.245","0.000"
"USEP","13 Mar 2019","21","115.39","0.00","6774.622","0.000"
"USEP","13 Mar 2019","22","115.61","0.00","6797.290","0.000"
"USEP","13 Mar 2019","23","115.71","0.00","6804.869","0.000"
"USEP","13 Mar 2019","24","115.42","0.00","6760.830","0.000"
"USEP","13 Mar 2019","25","115.26","0.00","6717.164","0.000"
"USEP","13 Mar 2019","26","115.39","0.00","6722.233","0.000"
"USEP","13 Mar 2019","27","115.61","0.00","6770.989","0.000"
"USEP","13 Mar 2019","28","116.02","0.00","6823.184","0.000"
"USEP","13 Mar 2019","29","116.03","0.00","6827.031","0.000"
"USEP","13 Mar 2019","30","116.03","0.00","6839.958","0.000"
"USEP","13 Mar 2019","31","116.28","0.00","6863.699","0.000"
"USEP","13 Mar 2019","32","116.27","0.00","6870.791","0.000"
"USEP","13 Mar 2019","33","116.27","0.00","6872.044","0.000"
"USEP","13 Mar 2019","34","116.01","0.00","6840.643","0.000"
"USEP","13 Mar 2019","35","116.01","0.00","6768.911","0.000"
"USEP","13 Mar 2019","36","108.98","0.00","6654.631","0.000"
"USEP","13 Mar 2019","37","105.72","0.00","6563.253","0.000"
"USEP","13 Mar 2019","38","106.12","0.00","6565.643","0.000"
"USEP","13 Mar 2019","39","115.64","0.00","6588.600","0.000"
"USEP","13 Mar 2019","40","106.99","0.00","6554.655","0.000"
"USEP","13 Mar 2019","41","106.20","0.00","6511.177","0.000"
"USEP","13 Mar 2019","42","115.61","0.00","6464.588","0.000"
"USEP","13 Mar 2019","43","111.21","0.00","6399.720","0.000"
"USEP","13 Mar 2019","44","111.14","0.00","6241.336","0.000"
"USEP","13 Mar 2019","45","106.05","0.00","6104.571","0.000"
"USEP","13 Mar 2019","46","100.94","0.00","5946.173","0.000"
"USEP","13 Mar 2019","47","99.92","0.00","5790.820","0.000"
"USEP","13 Mar 2019","48","91.44","0.00","5616.945","0.000"
"USEP","14 Mar 2019","1","95.91","0.00","5457.622","0.000"
"USEP","14 Mar 2019","2","94.98","0.00","5351.030","0.000"
"USEP","14 Mar 2019","3","93.51","0.00","5277.414","0.000"
"USEP","14 Mar 2019","4","91.66","0.00","5206.010","0.000"
"USEP","14 Mar 2019","5","90.28","0.00","5146.649","0.000"
"USEP","14 Mar 2019","6","88.29","0.00","5094.831","0.000"
"USEP","14 Mar 2019","7","87.82","0.00","5048.894","0.000"
"USEP","14 Mar 2019","8","87.84","0.00","5028.278","0.000"
"USEP","14 Mar 2019","9","87.83","0.00","5027.453","0.000"
"USEP","14 Mar 2019","10","88.07","0.00","5062.417","0.000"
"USEP","14 Mar 2019","11","88.86","0.00","5135.074","0.000"
"USEP","14 Mar 2019","12","92.65","0.00","5287.991","0.000"
"USEP","14 Mar 2019","13","95.73","0.00","5469.873","0.000"
"USEP","14 Mar 2019","14","97.93","0.00","5616.647","0.000"
"USEP","14 Mar 2019","15","90.82","0.00","5781.974","0.000"
"USEP","14 Mar 2019","16","93.21","0.00","6018.481","0.000"
"USEP","14 Mar 2019","17","100.02","0.00","6281.951","0.000"
"USEP","14 Mar 2019","18","99.96","0.00","6446.721","0.000"
"USEP","14 Mar 2019","19","100.00","0.00","6546.941","0.000"
"USEP","14 Mar 2019","20","100.05","0.00","6612.177","0.000"
"USEP","14 Mar 2019","21","102.37","0.00","6676.017","0.000"
"USEP","14 Mar 2019","22","106.13","0.00","6703.695","0.000"
"USEP","14 Mar 2019","23","106.15","0.00","6698.959","0.000"
"USEP","14 Mar 2019","24","100.69","0.00","6644.120","0.000"
"USEP","14 Mar 2019","25","100.01","0.00","6582.467","0.000"
"USEP","14 Mar 2019","26","100.01","0.00","6612.356","0.000"
"USEP","14 Mar 2019","27","106.03","0.00","6675.644","0.000"
"USEP","14 Mar 2019","28","109.02","0.00","6706.558","0.000"
"USEP","14 Mar 2019","29","108.30","0.00","6701.116","0.000"
"USEP","14 Mar 2019","30","106.14","0.00","6699.356","0.000"
"USEP","14 Mar 2019","31","106.15","0.00","6696.946","0.000"
"USEP","14 Mar 2019","32","107.37","0.00","6703.998","0.000"
"USEP","14 Mar 2019","33","106.12","0.00","6702.125","0.000"
"USEP","14 Mar 2019","34","102.88","0.00","6681.519","0.000"
"USEP","14 Mar 2019","35","106.12","0.00","6635.069","0.000"
"USEP","14 Mar 2019","36","100.00","0.00","6515.720","0.000"
"USEP","14 Mar 2019","37","99.96","0.00","6419.764","0.000"
"USEP","14 Mar 2019","38","99.94","0.00","6413.169","0.000"
"USEP","14 Mar 2019","39","101.61","0.00","6427.040","0.000"
"USEP","14 Mar 2019","40","105.00","0.00","6412.488","0.000"
"USEP","14 Mar 2019","41","104.95","0.00","6366.138","0.000"
"USEP","14 Mar 2019","42","111.17","0.00","6334.961","0.000"
"USEP","14 Mar 2019","43","111.12","0.00","6276.225","0.000"
"USEP","14 Mar 2019","44","106.04","0.00","6158.799","0.000"
"USEP","14 Mar 2019","45","111.10","0.00","6018.804","0.000"
"USEP","14 Mar 2019","46","107.36","0.00","5891.085","0.000"
"USEP","14 Mar 2019","47","99.97","0.00","5750.166","0.000"
"USEP","14 Mar 2019","48","93.35","0.00","5595.544","0.000"
"USEP","15 Mar 2019","1","95.78","0.00","5456.036","0.000"
"USEP","15 Mar 2019","2","94.70","0.00","5347.601","0.000"
"USEP","15 Mar 2019","3","93.20","0.00","5284.492","0.000"
"USEP","15 Mar 2019","4","91.14","0.00","5216.239","0.000"
"USEP","15 Mar 2019","5","90.00","0.00","5158.940","0.000"
"USEP","15 Mar 2019","6","89.48","0.00","5113.211","0.000"
"USEP","15 Mar 2019","7","88.07","0.00","5089.280","0.000"
"USEP","15 Mar 2019","8","84.92","0.00","5062.169","0.000"
"USEP","15 Mar 2019","9","82.22","0.00","5047.592","0.000"
"USEP","15 Mar 2019","10","88.08","0.00","5073.878","0.000"
"USEP","15 Mar 2019","11","89.59","0.00","5151.410","0.000"
"USEP","15 Mar 2019","12","93.18","0.00","5301.380","0.000"
"USEP","15 Mar 2019","13","95.76","0.00","5485.518","0.000"
"USEP","15 Mar 2019","14","93.21","0.00","5614.783","0.000"
"USEP","15 Mar 2019","15","90.74","0.00","5776.373","0.000"
"USEP","15 Mar 2019","16","93.26","0.00","6026.672","0.000"
"USEP","15 Mar 2019","17","100.01","0.00","6285.693","0.000"
"USEP","15 Mar 2019","18","99.95","0.00","6446.289","0.000"
"USEP","15 Mar 2019","19","99.96","0.00","6533.478","0.000"
"USEP","15 Mar 2019","20","100.35","0.00","6599.872","0.000"
"USEP","15 Mar 2019","21","106.14","0.00","6663.408","0.000"
"USEP","15 Mar 2019","22","110.80","0.00","6687.846","0.000"
"USEP","15 Mar 2019","23","110.79","0.00","6687.488","0.000"
"USEP","15 Mar 2019","24","106.06","0.00","6627.808","0.000"
"USEP","15 Mar 2019","25","101.41","0.00","6588.396","0.000"
"USEP","15 Mar 2019","26","104.13","0.00","6599.315","0.000"
"USEP","15 Mar 2019","27","103.89","0.00","6633.717","0.000"
"USEP","15 Mar 2019","28","107.45","0.00","6679.789","0.000"
"USEP","15 Mar 2019","29","107.66","0.00","6699.068","0.000"
"USEP","15 Mar 2019","30","107.65","0.00","6692.304","0.000"
"USEP","15 Mar 2019","31","107.45","0.00","6690.415","0.000"
"USEP","15 Mar 2019","32","106.08","0.00","6668.875","0.000"
"USEP","15 Mar 2019","33","104.25","0.00","6659.417","0.000"
"USEP","15 Mar 2019","34","101.45","0.00","6629.135","0.000"
"USEP","15 Mar 2019","35","100.02","0.00","6561.643","0.000"
"USEP","15 Mar 2019","36","95.76","0.00","6461.253","0.000"
"USEP","15 Mar 2019","37","95.35","0.00","6375.352","0.000"
"USEP","15 Mar 2019","38","95.76","0.00","6370.660","0.000"
"USEP","15 Mar 2019","39","99.99","0.00","6372.966","0.000"
"USEP","15 Mar 2019","40","100.00","0.00","6327.903","0.000"
"USEP","15 Mar 2019","41","99.95","0.00","6252.295","0.000"
"USEP","15 Mar 2019","42","106.05","0.00","6203.922","0.000"
"USEP","15 Mar 2019","43","106.00","0.00","6129.093","0.000"
"USEP","15 Mar 2019","44","103.88","0.00","6028.481","0.000"
"USEP","15 Mar 2019","45","99.95","0.00","5899.773","0.000"
"USEP","15 Mar 2019","46","99.86","0.00","5794.354","0.000"
"USEP","15 Mar 2019","47","94.91","0.00","5687.628","0.000"
"USEP","15 Mar 2019","48","91.19","0.00","5561.042","0.000"
"USEP","16 Mar 2019","1","97.91","0.00","5455.410","0.000"
"USEP","16 Mar 2019","2","93.94","0.00","5350.692","0.000"
"USEP","16 Mar 2019","3","93.27","0.00","5256.968","0.000"
"USEP","16 Mar 2019","4","92.70","0.00","5191.140","0.000"
"USEP","16 Mar 2019","5","90.68","0.00","5119.781","0.000"
"USEP","16 Mar 2019","6","88.04","0.00","5060.206","0.000"
"USEP","16 Mar 2019","7","82.81","0.00","5024.928","0.000"
"USEP","16 Mar 2019","8","82.66","0.00","4991.590","0.000"
"USEP","16 Mar 2019","9","82.66","0.00","4974.557","0.000"
"USEP","16 Mar 2019","10","82.46","0.00","4978.827","0.000"
"USEP","16 Mar 2019","11","82.67","0.00","5009.010","0.000"
"USEP","16 Mar 2019","12","84.92","0.00","5066.706","0.000"
"USEP","16 Mar 2019","13","84.94","0.00","5131.878","0.000"
"USEP","16 Mar 2019","14","90.67","0.00","5205.633","0.000"
"USEP","16 Mar 2019","15","91.14","0.00","5288.627","0.000"
"USEP","16 Mar 2019","16","96.96","0.00","5460.922","0.000"
"USEP","16 Mar 2019","17","97.27","0.00","5676.709","0.000"
"USEP","16 Mar 2019","18","94.11","0.00","5827.007","0.000"
"USEP","16 Mar 2019","19","93.74","0.00","5937.430","0.000"
"USEP","16 Mar 2019","20","100.86","0.00","6047.610","0.000"
"USEP","16 Mar 2019","21","100.94","0.00","6115.525","0.000"
"USEP","16 Mar 2019","22","100.98","0.00","6164.738","0.000"
"USEP","16 Mar 2019","23","100.92","0.00","6164.798","0.000"
"USEP","16 Mar 2019","24","100.92","0.00","6130.863","0.000"
"USEP","16 Mar 2019","25","100.92","0.00","6085.596","0.000"
"USEP","16 Mar 2019","26","98.86","0.00","6052.213","0.000"
"USEP","16 Mar 2019","27","95.63","0.00","6032.069","0.000"
"USEP","16 Mar 2019","28","93.75","0.00","6022.069","0.000"
"USEP","16 Mar 2019","29","93.72","0.00","6013.983","0.000"
"USEP","16 Mar 2019","30","93.71","0.00","6008.144","0.000"
"USEP","16 Mar 2019","31","105.99","0.00","5992.533","0.000"
"USEP","16 Mar 2019","32","105.99","0.00","5988.035","0.000"
"USEP","16 Mar 2019","33","103.44","0.00","5971.445","0.000"
"USEP","16 Mar 2019","34","100.94","0.00","5940.129","0.000"
"USEP","16 Mar 2019","35","102.15","0.00","5916.705","0.000"
"USEP","16 Mar 2019","36","100.94","0.00","5863.536","0.000"
"USEP","16 Mar 2019","37","100.94","0.00","5874.123","0.000"
"USEP","16 Mar 2019","38","102.98","0.00","5938.817","0.000"
"USEP","16 Mar 2019","39","106.02","0.00","5979.974","0.000"
"USEP","16 Mar 2019","40","106.02","0.00","5992.513","0.000"
"USEP","16 Mar 2019","41","106.02","0.00","5969.184","0.000"
"USEP","16 Mar 2019","42","106.03","0.00","5967.946","0.000"
"USEP","16 Mar 2019","43","106.03","0.00","5955.223","0.000"
"USEP","16 Mar 2019","44","103.83","0.00","5889.674","0.000"
"USEP","16 Mar 2019","45","102.28","0.00","5803.906","0.000"
"USEP","16 Mar 2019","46","101.98","0.00","5711.469","0.000"
"USEP","16 Mar 2019","47","101.89","0.00","5611.776","0.000"
"USEP","16 Mar 2019","48","106.00","0.00","5517.088","0.000"
"USEP","17 Mar 2019","1","111.09","0.00","5416.266","0.000"
"USEP","17 Mar 2019","2","111.01","0.00","5323.372","0.000"
"USEP","17 Mar 2019","3","111.06","0.00","5215.816","0.000"
"USEP","17 Mar 2019","4","111.00","0.00","5136.147","0.000"
"USEP","17 Mar 2019","5","107.53","0.00","5076.293","0.000"
"USEP","17 Mar 2019","6","100.85","0.00","5018.010","0.000"
"USEP","17 Mar 2019","7","95.80","0.00","4978.812","0.000"
"USEP","17 Mar 2019","8","95.80","0.00","4944.439","0.000"
"USEP","17 Mar 2019","9","95.76","0.00","4918.804","0.000"
"USEP","17 Mar 2019","10","95.65","0.00","4917.040","0.000"
"USEP","17 Mar 2019","11","95.73","0.00","4950.697","0.000"
"USEP","17 Mar 2019","12","95.84","0.00","4995.933","0.000"
"USEP","17 Mar 2019","13","96.28","0.00","5023.030","0.000"
"USEP","17 Mar 2019","14","96.50","0.00","5051.588","0.000"
"USEP","17 Mar 2019","15","97.76","0.00","5085.100","0.000"
"USEP","17 Mar 2019","16","100.88","0.00","5167.856","0.000"
"USEP","17 Mar 2019","17","110.97","0.00","5299.864","0.000"
"USEP","17 Mar 2019","18","111.41","0.00","5389.369","0.000"
"USEP","17 Mar 2019","19","113.11","0.00","5493.599","0.000"
"USEP","17 Mar 2019","20","114.33","0.00","5587.150","0.000"
"USEP","17 Mar 2019","21","144.18","0.00","5646.218","0.000"
"USEP","17 Mar 2019","22","280.24","0.00","5669.920","0.000"
"USEP","17 Mar 2019","23","279.56","0.00","5667.182","0.000"
"USEP","17 Mar 2019","24","114.58","0.00","5634.057","0.000"
"USEP","17 Mar 2019","25","114.36","0.00","5615.017","0.000"
"USEP","17 Mar 2019","26","114.36","0.00","5624.986","0.000"
"USEP","17 Mar 2019","27","114.61","0.00","5660.283","0.000"
"USEP","17 Mar 2019","28","279.41","0.00","5671.043","0.000"
"USEP","17 Mar 2019","29","279.63","0.00","5684.482","0.000"
"USEP","17 Mar 2019","30","279.59","0.00","5682.156","0.000"
"USEP","17 Mar 2019","31","279.58","0.00","5683.816","0.000"
"USEP","17 Mar 2019","32","281.80","0.00","5717.493","0.000"
"USEP","17 Mar 2019","33","283.64","0.00","5712.488","0.000"
"USEP","17 Mar 2019","34","283.82","0.00","5717.483","0.000"
"USEP","17 Mar 2019","35","282.60","0.00","5693.756","0.000"
"USEP","17 Mar 2019","36","283.65","0.00","5694.999","0.000"
"USEP","17 Mar 2019","37","287.18","0.00","5701.678","0.000"
"USEP","17 Mar 2019","38","288.01","0.00","5774.136","0.000"
"USEP","17 Mar 2019","39","403.82","0.00","5860.341","0.000"
"USEP","17 Mar 2019","40","447.67","0.00","5892.924","0.000"
"USEP","17 Mar 2019","41","466.05","0.00","5925.478","0.000"
"USEP","17 Mar 2019","42","466.25","0.00","5965.700","0.000"
"USEP","17 Mar 2019","43","1187.31","0.00","5952.261","0.000"
"USEP","17 Mar 2019","44","424.47","0.00","5873.611","0.000"
"USEP","17 Mar 2019","45","286.99","0.00","5750.876","0.000"
"USEP","17 Mar 2019","46","114.62","0.00","5625.757","0.000"
"USEP","17 Mar 2019","47","114.38","0.00","5506.218","0.000"
"USEP","17 Mar 2019","48","111.96","0.00","5372.684","0.000"
"USEP","18 Mar 2019","1","105.99","0.00","5242.326","0.000"
"USEP","18 Mar 2019","2","101.26","0.00","5148.920","0.000"
"USEP","18 Mar 2019","3","100.89","0.00","5089.374","0.000"
"USEP","18 Mar 2019","4","98.83","0.00","5012.981","0.000"
"USEP","18 Mar 2019","5","94.09","0.00","4960.050","0.000"
"USEP","18 Mar 2019","6","91.91","0.00","4917.671","0.000"
"USEP","18 Mar 2019","7","91.66","0.00","4885.137","0.000"
"USEP","18 Mar 2019","8","91.13","0.00","4860.193","0.000"
"USEP","18 Mar 2019","9","91.13","0.00","4857.917","0.000"
"USEP","18 Mar 2019","10","90.69","0.00","4893.492","0.000"
"USEP","18 Mar 2019","11","91.09","0.00","4982.087","0.000"
"USEP","18 Mar 2019","12","91.35","0.00","5143.945","0.000"
"USEP","18 Mar 2019","13","96.05","0.00","5319.023","0.000"
"USEP","18 Mar 2019","14","96.56","0.00","5469.117","0.000"
"USEP","18 Mar 2019","15","90.85","0.00","5640.851","0.000"
"USEP","18 Mar 2019","16","94.17","0.00","5911.452","0.000"
"USEP","18 Mar 2019","17","106.09","0.00","6225.810","0.000"
"USEP","18 Mar 2019","18","101.02","0.00","6403.621","0.000"
"USEP","18 Mar 2019","19","104.63","0.00","6501.625","0.000"
"USEP","18 Mar 2019","20","101.31","0.00","6578.322","0.000"
"USEP","18 Mar 2019","21","106.07","0.00","6654.825","0.000"
"USEP","18 Mar 2019","22","106.09","0.00","6678.930","0.000"
"USEP","18 Mar 2019","23","106.10","0.00","6678.656","0.000"
"USEP","18 Mar 2019","24","101.13","0.00","6625.109","0.000"
"USEP","18 Mar 2019","25","100.69","0.00","6582.541","0.000"
"USEP","18 Mar 2019","26","100.69","0.00","6579.952","0.000"
"USEP","18 Mar 2019","27","106.06","0.00","6649.716","0.000"
"USEP","18 Mar 2019","28","107.65","0.00","6689.794","0.000"
"USEP","18 Mar 2019","29","106.06","0.00","6677.831","0.000"
"USEP","18 Mar 2019","30","106.09","0.00","6688.954","0.000"
"USEP","18 Mar 2019","31","108.51","0.00","6698.705","0.000"
"USEP","18 Mar 2019","32","106.09","0.00","6686.504","0.000"
"USEP","18 Mar 2019","33","106.08","0.00","6681.837","0.000"
"USEP","18 Mar 2019","34","106.06","0.00","6653.518","0.000"
"USEP","18 Mar 2019","35","101.11","0.00","6575.906","0.000"
"USEP","18 Mar 2019","36","99.97","0.00","6457.292","0.000"
"USEP","18 Mar 2019","37","98.85","0.00","6376.182","0.000"
"USEP","18 Mar 2019","38","99.91","0.00","6361.138","0.000"
"USEP","18 Mar 2019","39","100.01","0.00","6380.884","0.000"
"USEP","18 Mar 2019","40","104.62","0.00","6362.137","0.000"
"USEP","18 Mar 2019","41","101.29","0.00","6303.148","0.000"
"USEP","18 Mar 2019","42","111.10","0.00","6263.731","0.000"
"USEP","18 Mar 2019","43","111.13","0.00","6187.009","0.000"
"USEP","18 Mar 2019","44","106.08","0.00","6069.448","0.000"
"USEP","18 Mar 2019","45","106.00","0.00","5924.896","0.000"
"USEP","18 Mar 2019","46","102.08","0.00","5792.679","0.000"
"USEP","18 Mar 2019","47","99.95","0.00","5679.850","0.000"
"USEP","18 Mar 2019","48","94.93","0.00","5530.397","0.000"
"USEP","19 Mar 2019","1","109.86","0.00","5410.988","0.000"
"USEP","19 Mar 2019","2","106.84","0.00","5311.981","0.000"
"USEP","19 Mar 2019","3","102.85","0.00","5230.478","0.000"
"USEP","19 Mar 2019","4","98.57","0.00","5165.162","0.000"
"USEP","19 Mar 2019","5","97.35","0.00","5103.454","0.000"
"USEP","19 Mar 2019","6","93.84","0.00","5067.477","0.000"
"USEP","19 Mar 2019","7","93.18","0.00","5043.690","0.000"
"USEP","19 Mar 2019","8","91.13","0.00","5016.554","0.000"
"USEP","19 Mar 2019","9","91.10","0.00","5009.765","0.000"
"USEP","19 Mar 2019","10","93.18","0.00","5042.254","0.000"
"USEP","19 Mar 2019","11","98.13","0.00","5132.116","0.000"
"USEP","19 Mar 2019","12","104.77","0.00","5277.598","0.000"
"USEP","19 Mar 2019","13","110.36","0.00","5456.021","0.000"
"USEP","19 Mar 2019","14","106.95","0.00","5577.135","0.000"
"USEP","19 Mar 2019","15","95.43","0.00","5729.908","0.000"
"USEP","19 Mar 2019","16","101.38","0.00","6000.539","0.000"
"USEP","19 Mar 2019","17","102.34","0.00","6286.444","0.000"
"USEP","19 Mar 2019","18","96.93","0.00","6449.082","0.000"
"USEP","19 Mar 2019","19","96.94","0.00","6543.850","0.000"
"USEP","19 Mar 2019","20","99.00","0.00","6614.508","0.000"
"USEP","19 Mar 2019","21","101.06","0.00","6681.216","0.000"
"USEP","19 Mar 2019","22","101.37","0.00","6710.663","0.000"
"USEP","19 Mar 2019","23","101.04","0.00","6701.951","0.000"
"USEP","19 Mar 2019","24","100.63","0.00","6659.944","0.000"
"USEP","19 Mar 2019","25","100.22","0.00","6618.226","0.000"
"USEP","19 Mar 2019","26","100.33","0.00","6638.320","0.000"
"USEP","19 Mar 2019","27","101.04","0.00","6693.099","0.000"
"USEP","19 Mar 2019","28","101.60","0.00","6732.123","0.000"
"USEP","19 Mar 2019","29","102.96","0.00","6759.280","0.000"
"USEP","19 Mar 2019","30","102.49","0.00","6754.553","0.000"
"USEP","19 Mar 2019","31","102.49","0.00","6751.049","0.000"
"USEP","19 Mar 2019","32","102.70","0.00","6759.697","0.000"
"USEP","19 Mar 2019","33","102.65","0.00","6748.773","0.000"
"USEP","19 Mar 2019","34","101.74","0.00","6718.744","0.000"
"USEP","19 Mar 2019","35","101.30","0.00","6659.452","0.000"
"USEP","19 Mar 2019","36","100.01","0.00","6541.032","0.000"
"USEP","19 Mar 2019","37","100.62","0.00","6456.303","0.000"
"USEP","19 Mar 2019","38","101.03","0.00","6459.658","0.000"
"USEP","19 Mar 2019","39","102.51","0.00","6477.853","0.000"
"USEP","19 Mar 2019","40","109.51","0.00","6448.983","0.000"
"USEP","19 Mar 2019","41","110.12","0.00","6397.647","0.000"
"USEP","19 Mar 2019","42","121.25","0.00","6377.837","0.000"
"USEP","19 Mar 2019","43","121.20","0.00","6324.245","0.000"
"USEP","19 Mar 2019","44","116.17","0.00","6198.450","0.000"
"USEP","19 Mar 2019","45","115.23","0.00","6052.058","0.000"
"USEP","19 Mar 2019","46","114.40","0.00","5922.625","0.000"
"USEP","19 Mar 2019","47","111.59","0.00","5773.604","0.000"
"USEP","19 Mar 2019","48","106.07","0.00","5669.140","0.000"
"USEP","20 Mar 2019","1","114.36","0.00","5561.793","0.000"
"USEP","20 Mar 2019","2","113.31","0.00","5460.698","0.000"
"USEP","20 Mar 2019","3","111.57","0.00","5365.955","0.000"
"USEP","20 Mar 2019","4","110.76","0.00","5290.172","0.000"
"USEP","20 Mar 2019","5","106.02","0.00","5233.062","0.000"
"USEP","20 Mar 2019","6","104.72","0.00","5185.102","0.000"
"USEP","20 Mar 2019","7","101.26","0.00","5150.013","0.000"
"USEP","20 Mar 2019","8","100.28","0.00","5133.528","0.000"
"USEP","20 Mar 2019","9","99.93","0.00","5125.496","0.000"
"USEP","20 Mar 2019","10","101.26","0.00","5145.530","0.000"
"USEP","20 Mar 2019","11","106.03","0.00","5239.642","0.000"
"USEP","20 Mar 2019","12","110.93","0.00","5375.955","0.000"
"USEP","20 Mar 2019","13","112.66","0.00","5554.228","0.000"
"USEP","20 Mar 2019","14","112.09","0.00","5678.409","0.000"
"USEP","20 Mar 2019","15","104.96","0.00","5818.628","0.000"
"USEP","20 Mar 2019","16","106.53","0.00","6095.312","0.000"
"USEP","20 Mar 2019","17","112.16","0.00","6387.842","0.000"
"USEP","20 Mar 2019","18","106.04","0.00","6558.099","0.000"
"USEP","20 Mar 2019","19","106.02","0.00","6652.946","0.000"
"USEP","20 Mar 2019","20","105.30","0.00","6715.683","0.000"
"USEP","20 Mar 2019","21","106.15","0.00","6788.990","0.000"
"USEP","20 Mar 2019","22","107.19","0.00","6806.331","0.000"
"USEP","20 Mar 2019","23","106.51","0.00","6803.895","0.000"
"USEP","20 Mar 2019","24","103.34","0.00","6749.528","0.000"
"USEP","20 Mar 2019","25","101.77","0.00","6703.561","0.000"
"USEP","20 Mar 2019","26","103.18","0.00","6733.679","0.000"
"USEP","20 Mar 2019","27","106.09","0.00","6777.008","0.000"
"USEP","20 Mar 2019","28","111.69","0.00","6823.263","0.000"
"USEP","20 Mar 2019","29","111.72","0.00","6836.066","0.000"
"USEP","20 Mar 2019","30","111.68","0.00","6834.282","0.000"
"USEP","20 Mar 2019","31","112.22","0.00","6840.683","0.000"
"USEP","20 Mar 2019","32","111.68","0.00","6814.615","0.000"
"USEP","20 Mar 2019","33","297.56","0.00","6797.588","0.000"
"USEP","20 Mar 2019","34","291.76","0.00","6763.290","0.000"
"USEP","20 Mar 2019","35","121.04","0.00","6686.012","0.000"
"USEP","20 Mar 2019","36","120.31","0.00","6582.546","0.000"
"USEP","20 Mar 2019","37","310.04","0.00","6501.123","0.000"
"USEP","20 Mar 2019","38","332.30","0.00","6501.148","0.000"
"USEP","20 Mar 2019","39","322.16","0.00","6518.642","0.000"
"USEP","20 Mar 2019","40","311.40","0.00","6487.798","0.000"
"USEP","20 Mar 2019","41","354.58","0.00","6440.265","0.000"
"USEP","20 Mar 2019","42","453.72","0.00","6406.936","0.000"
"USEP","20 Mar 2019","43","404.41","0.00","6333.912","0.000"
"USEP","20 Mar 2019","44","389.14","0.00","6215.293","0.000"
"USEP","20 Mar 2019","45","326.63","0.00","6055.895","0.000"
"USEP","20 Mar 2019","46","256.91","0.00","5924.812","0.000"
"USEP","20 Mar 2019","47","113.81","0.00","5794.061","0.000"
"USEP","20 Mar 2019","48","111.06","0.00","5645.135","0.000"
"USEP","21 Mar 2019","1","121.09","0.00","5511.839","0.000"
"USEP","21 Mar 2019","2","119.37","0.00","5408.458","0.000"
"USEP","21 Mar 2019","3","115.24","0.00","5370.860","0.000"
"USEP","21 Mar 2019","4","112.48","0.00","5300.619","0.000"
"USEP","21 Mar 2019","5","112.04","0.00","5234.971","0.000"
"USEP","21 Mar 2019","6","112.02","0.00","5189.520","0.000"
"USEP","21 Mar 2019","7","111.49","0.00","5149.323","0.000"
"USEP","21 Mar 2019","8","111.26","0.00","5126.292","0.000"
"USEP","21 Mar 2019","9","111.26","0.00","5128.240","0.000"
"USEP","21 Mar 2019","10","111.46","0.00","5151.887","0.000"
"USEP","21 Mar 2019","11","112.02","0.00","5236.352","0.000"
"USEP","21 Mar 2019","12","115.22","0.00","5387.927","0.000"
"USEP","21 Mar 2019","13","120.45","0.00","5549.482","0.000"
"USEP","21 Mar 2019","14","126.10","0.00","5668.002","0.000"
"USEP","21 Mar 2019","15","111.60","0.00","5814.040","0.000"
"USEP","21 Mar 2019","16","115.33","0.00","6084.080","0.000"
"USEP","21 Mar 2019","17","264.64","0.00","6367.460","0.000"
"USEP","21 Mar 2019","18","309.33","0.00","6546.807","0.000"
"USEP","21 Mar 2019","19","332.30","0.00","6627.833","0.000"
"USEP","21 Mar 2019","20","408.83","0.00","6684.705","0.000"
"USEP","21 Mar 2019","21","403.73","0.00","6718.262","0.000"
"USEP","21 Mar 2019","22","403.83","0.00","6744.007","0.000"
"USEP","21 Mar 2019","23","348.46","0.00","6739.131","0.000"
"USEP","21 Mar 2019","24","286.70","0.00","6665.630","0.000"
"USEP","21 Mar 2019","25","182.15","0.00","6611.338","0.000"
"USEP","21 Mar 2019","26","118.71","0.00","6633.648","0.000"
"USEP","21 Mar 2019","27","282.79","0.00","6703.884","0.000"
"USEP","21 Mar 2019","28","285.80","0.00","6760.100","0.000"
"USEP","21 Mar 2019","29","285.78","0.00","6759.757","0.000"
"USEP","21 Mar 2019","30","118.63","0.00","6780.665","0.000"
"USEP","21 Mar 2019","31","130.32","0.00","6781.943","0.000"
"USEP","21 Mar 2019","32","120.52","0.00","6812.896","0.000"
"USEP","21 Mar 2019","33","118.62","0.00","6809.392","0.000"
"USEP","21 Mar 2019","34","116.20","0.00","6783.076","0.000"
"USEP","21 Mar 2019","35","114.45","0.00","6697.229","0.000"
"USEP","21 Mar 2019","36","112.21","0.00","6564.510","0.000"
"USEP","21 Mar 2019","37","112.21","0.00","6486.312","0.000"
"USEP","21 Mar 2019","38","112.19","0.00","6480.458","0.000"
"USEP","21 Mar 2019","39","113.39","0.00","6486.263","0.000"
"USEP","21 Mar 2019","40","114.43","0.00","6428.173","0.000"
"USEP","21 Mar 2019","41","113.85","0.00","6343.847","0.000"
"USEP","21 Mar 2019","42","121.21","0.00","6290.131","0.000"
"USEP","21 Mar 2019","43","116.21","0.00","6214.746","0.000"
"USEP","21 Mar 2019","44","114.60","0.00","6107.762","0.000"
"USEP","21 Mar 2019","45","112.61","0.00","5956.615","0.000"
"USEP","21 Mar 2019","46","110.05","0.00","5831.972","0.000"
"USEP","21 Mar 2019","47","100.87","0.00","5683.533","0.000"
"USEP","21 Mar 2019","48","94.83","0.00","5541.277","0.000"
"USEP","22 Mar 2019","1","106.83","0.00","5413.100","0.000"
"USEP","22 Mar 2019","2","99.44","0.00","5302.443","0.000"
"USEP","22 Mar 2019","3","98.42","0.00","5243.037","0.000"
"USEP","22 Mar 2019","4","97.81","0.00","5172.125","0.000"
"USEP","22 Mar 2019","5","94.16","0.00","5118.041","0.000"
"USEP","22 Mar 2019","6","93.32","0.00","5063.292","0.000"
"USEP","22 Mar 2019","7","92.02","0.00","5042.870","0.000"
"USEP","22 Mar 2019","8","91.95","0.00","5006.485","0.000"
"USEP","22 Mar 2019","9","90.69","0.00","5004.273","0.000"
"USEP","22 Mar 2019","10","91.96","0.00","5025.783","0.000"
"USEP","22 Mar 2019","11","94.15","0.00","5109.712","0.000"
"USEP","22 Mar 2019","12","98.75","0.00","5256.098","0.000"
"USEP","22 Mar 2019","13","102.84","0.00","5415.889","0.000"
"USEP","22 Mar 2019","14","102.94","0.00","5538.369","0.000"
"USEP","22 Mar 2019","15","98.40","0.00","5689.537","0.000"
"USEP","22 Mar 2019","16","104.99","0.00","5958.911","0.000"
"USEP","22 Mar 2019","17","112.20","0.00","6254.213","0.000"
"USEP","22 Mar 2019","18","110.67","0.00","6422.383","0.000"
"USEP","22 Mar 2019","19","106.46","0.00","6521.062","0.000"
"USEP","22 Mar 2019","20","111.71","0.00","6596.691","0.000"
"USEP","22 Mar 2019","21","113.14","0.00","6664.293","0.000"
"USEP","22 Mar 2019","22","114.26","0.00","6702.199","0.000"
"USEP","22 Mar 2019","23","114.58","0.00","6711.165","0.000"
"USEP","22 Mar 2019","24","113.78","0.00","6663.483","0.000"
"USEP","22 Mar 2019","25","112.62","0.00","6611.835","0.000"
"USEP","22 Mar 2019","26","112.66","0.00","6622.078","0.000"
"USEP","22 Mar 2019","27","113.93","0.00","6665.809","0.000"
"USEP","22 Mar 2019","28","114.60","0.00","6701.628","0.000"
"USEP","22 Mar 2019","29","114.64","0.00","6725.732","0.000"
"USEP","22 Mar 2019","30","114.62","0.00","6721.935","0.000"
"USEP","22 Mar 2019","31","114.61","0.00","6711.692","0.000"
"USEP","22 Mar 2019","32","114.31","0.00","6709.724","0.000"
"USEP","22 Mar 2019","33","114.31","0.00","6703.924","0.000"
"USEP","22 Mar 2019","34","113.28","0.00","6676.847","0.000"
"USEP","22 Mar 2019","35","112.63","0.00","6606.462","0.000"
"USEP","22 Mar 2019","36","102.42","0.00","6491.476","0.000"
"USEP","22 Mar 2019","37","102.70","0.00","6417.572","0.000"
"USEP","22 Mar 2019","38","102.82","0.00","6417.895","0.000"
"USEP","22 Mar 2019","39","111.14","0.00","6428.347","0.000"
"USEP","22 Mar 2019","40","112.58","0.00","6400.436","0.000"
"USEP","22 Mar 2019","41","112.19","0.00","6336.089","0.000"
"USEP","22 Mar 2019","42","114.72","0.00","6289.381","0.000"
"USEP","22 Mar 2019","43","114.73","0.00","6227.783","0.000"
"USEP","22 Mar 2019","44","113.97","0.00","6125.460","0.000"
"USEP","22 Mar 2019","45","113.11","0.00","6015.832","0.000"
"USEP","22 Mar 2019","46","112.21","0.00","5911.308","0.000"
"USEP","22 Mar 2019","47","111.12","0.00","5773.639","0.000"
"USEP","22 Mar 2019","48","101.05","0.00","5634.405","0.000"
"USEP","23 Mar 2019","1","110.96","0.00","5506.492","0.000"
"USEP","23 Mar 2019","2","104.81","0.00","5410.397","0.000"
"USEP","23 Mar 2019","3","101.63","0.00","5351.050","0.000"
"USEP","23 Mar 2019","4","98.71","0.00","5281.947","0.000"
"USEP","23 Mar 2019","5","97.09","0.00","5207.447","0.000"
"USEP","23 Mar 2019","6","97.02","0.00","5170.788","0.000"
"USEP","23 Mar 2019","7","95.42","0.00","5118.250","0.000"
"USEP","23 Mar 2019","8","95.16","0.00","5089.350","0.000"
"USEP","23 Mar 2019","9","95.14","0.00","5076.626","0.000"
"USEP","23 Mar 2019","10","94.08","0.00","5073.267","0.000"
"USEP","23 Mar 2019","11","95.15","0.00","5111.580","0.000"
"USEP","23 Mar 2019","12","95.17","0.00","5155.679","0.000"
"USEP","23 Mar 2019","13","94.69","0.00","5226.387","0.000"
"USEP","23 Mar 2019","14","97.11","0.00","5303.576","0.000"
"USEP","23 Mar 2019","15","100.43","0.00","5379.076","0.000"
"USEP","23 Mar 2019","16","104.97","0.00","5549.378","0.000"
"USEP","23 Mar 2019","17","105.93","0.00","5771.462","0.000"
"USEP","23 Mar 2019","18","106.07","0.00","5929.657","0.000"
"USEP","23 Mar 2019","19","111.05","0.00","6049.042","0.000"
"USEP","23 Mar 2019","20","111.08","0.00","6144.495","0.000"
"USEP","23 Mar 2019","21","112.17","0.00","6223.384","0.000"
"USEP","23 Mar 2019","22","112.80","0.00","6259.054","0.000"
"USEP","23 Mar 2019","23","112.70","0.00","6257.096","0.000"
"USEP","23 Mar 2019","24","111.57","0.00","6212.286","0.000"
"USEP","23 Mar 2019","25","111.10","0.00","6176.159","0.000"
"USEP","23 Mar 2019","26","111.05","0.00","6131.827","0.000"
"USEP","23 Mar 2019","27","111.05","0.00","6112.399","0.000"
"USEP","23 Mar 2019","28","111.04","0.00","6099.149","0.000"
"USEP","23 Mar 2019","29","111.04","0.00","6083.971","0.000"
"USEP","23 Mar 2019","30","111.07","0.00","6080.914","0.000"
"USEP","23 Mar 2019","31","111.05","0.00","6069.747","0.000"
"USEP","23 Mar 2019","32","111.05","0.00","6067.649","0.000"
"USEP","23 Mar 2019","33","111.06","0.00","6050.975","0.000"
"USEP","23 Mar 2019","34","111.06","0.00","6029.942","0.000"
"USEP","23 Mar 2019","35","111.07","0.00","6008.541","0.000"
"USEP","23 Mar 2019","36","111.07","0.00","5990.530","0.000"
"USEP","23 Mar 2019","37","101.40","0.00","6014.833","0.000"
"USEP","23 Mar 2019","38","111.03","0.00","6068.325","0.000"
"USEP","23 Mar 2019","39","111.10","0.00","6098.056","0.000"
"USEP","23 Mar 2019","40","111.10","0.00","6109.268","0.000"
"USEP","23 Mar 2019","41","111.04","0.00","6071.561","0.000"
"USEP","23 Mar 2019","42","106.06","0.00","6053.952","0.000"
"USEP","23 Mar 2019","43","104.69","0.00","6043.714","0.000"
"USEP","23 Mar 2019","44","100.00","0.00","5964.199","0.000"
"USEP","23 Mar 2019","45","94.88","0.00","5861.737","0.000"
"USEP","23 Mar 2019","46","94.74","0.00","5785.830","0.000"
"USEP","23 Mar 2019","47","92.72","0.00","5689.666","0.000"
"USEP","23 Mar 2019","48","99.13","0.00","5561.022","0.000"
"USEP","24 Mar 2019","1","113.18","0.00","5439.506","0.000"
"USEP","24 Mar 2019","2","112.03","0.00","5342.695","0.000"
"USEP","24 Mar 2019","3","111.44","0.00","5290.346","0.000"
"USEP","24 Mar 2019","4","101.21","0.00","5209.216","0.000"
"USEP","24 Mar 2019","5","97.43","0.00","5148.587","0.000"
"USEP","24 Mar 2019","6","96.97","0.00","5100.209","0.000"
"USEP","24 Mar 2019","7","93.74","0.00","5050.022","0.000"
"USEP","24 Mar 2019","8","91.51","0.00","5023.298","0.000"
"USEP","24 Mar 2019","9","90.82","0.00","4989.497","0.000"
"USEP","24 Mar 2019","10","90.82","0.00","4994.676","0.000"
"USEP","24 Mar 2019","11","90.82","0.00","5032.662","0.000"
"USEP","24 Mar 2019","12","90.86","0.00","5067.019","0.000"
"USEP","24 Mar 2019","13","90.85","0.00","5092.043","0.000"
"USEP","24 Mar 2019","14","91.14","0.00","5130.287","0.000"
"USEP","24 Mar 2019","15","91.54","0.00","5165.351","0.000"
"USEP","24 Mar 2019","16","98.90","0.00","5243.360","0.000"
"USEP","24 Mar 2019","17","102.56","0.00","5378.012","0.000"
"USEP","24 Mar 2019","18","110.95","0.00","5475.041","0.000"
"USEP","24 Mar 2019","19","113.02","0.00","5572.503","0.000"
"USEP","24 Mar 2019","20","119.96","0.00","5659.588","0.000"
"USEP","24 Mar 2019","21","284.78","0.00","5736.086","0.000"
"USEP","24 Mar 2019","22","283.28","0.00","5766.920","0.000"
"USEP","24 Mar 2019","23","281.03","0.00","5755.941","0.000"
"USEP","24 Mar 2019","24","280.25","0.00","5739.654","0.000"
"USEP","24 Mar 2019","25","280.06","0.00","5715.515","0.000"
"USEP","24 Mar 2019","26","280.01","0.00","5731.036","0.000"
"USEP","24 Mar 2019","27","282.93","0.00","5764.325","0.000"
"USEP","24 Mar 2019","28","285.95","0.00","5795.895","0.000"
"USEP","24 Mar 2019","29","284.72","0.00","5782.222","0.000"
"USEP","24 Mar 2019","30","278.23","0.00","5783.117","0.000"
"USEP","24 Mar 2019","31","280.90","0.00","5807.236","0.000"
"USEP","24 Mar 2019","32","144.02","0.00","5810.029","0.000"
"USEP","24 Mar 2019","33","129.65","0.00","5796.615","0.000"
"USEP","24 Mar 2019","34","113.17","0.00","5798.285","0.000"
"USEP","24 Mar 2019","35","113.22","0.00","5803.315","0.000"
"USEP","24 Mar 2019","36","113.07","0.00","5796.412","0.000"
"USEP","24 Mar 2019","37","111.56","0.00","5820.983","0.000"
"USEP","24 Mar 2019","38","115.50","0.00","5894.221","0.000"
"USEP","24 Mar 2019","39","222.11","0.00","5953.931","0.000"
"USEP","24 Mar 2019","40","290.07","0.00","5954.279","0.000"
"USEP","24 Mar 2019","41","291.04","0.00","5959.751","0.000"
"USEP","24 Mar 2019","42","285.03","0.00","5995.962","0.000"
"USEP","24 Mar 2019","43","148.11","0.00","6007.671","0.000"
"USEP","24 Mar 2019","44","116.12","0.00","5927.739","0.000"
"USEP","24 Mar 2019","45","113.13","0.00","5831.246","0.000"
"USEP","24 Mar 2019","46","103.37","0.00","5718.005","0.000"
"USEP","24 Mar 2019","47","100.79","0.00","5601.021","0.000"
"USEP","24 Mar 2019","48","97.92","0.00","5459.555","0.000"
"USEP","25 Mar 2019","1","96.86","0.00","5326.881","0.000"
"USEP","25 Mar 2019","2","93.97","0.00","5225.393","0.000"
"USEP","25 Mar 2019","3","93.78","0.00","5171.787","0.000"
"USEP","25 Mar 2019","4","92.34","0.00","5100.184","0.000"
"USEP","25 Mar 2019","5","91.05","0.00","5047.219","0.000"
"USEP","25 Mar 2019","6","90.71","0.00","5008.577","0.000"
"USEP","25 Mar 2019","7","89.19","0.00","4972.520","0.000"
"USEP","25 Mar 2019","8","88.73","0.00","4962.172","0.000"
"USEP","25 Mar 2019","9","89.16","0.00","4957.689","0.000"
"USEP","25 Mar 2019","10","89.28","0.00","4991.008","0.000"
"USEP","25 Mar 2019","11","91.05","0.00","5082.675","0.000"
"USEP","25 Mar 2019","12","91.56","0.00","5239.160","0.000"
"USEP","25 Mar 2019","13","93.82","0.00","5425.848","0.000"
"USEP","25 Mar 2019","14","93.86","0.00","5606.881","0.000"
"USEP","25 Mar 2019","15","90.89","0.00","5790.393","0.000"
"USEP","25 Mar 2019","16","90.94","0.00","6068.703","0.000"
"USEP","25 Mar 2019","17","93.91","0.00","6345.045","0.000"
"USEP","25 Mar 2019","18","91.68","0.00","6532.821","0.000"
"USEP","25 Mar 2019","19","91.68","0.00","6655.655","0.000"
"USEP","25 Mar 2019","20","93.71","0.00","6736.462","0.000"
"USEP","25 Mar 2019","21","93.92","0.00","6804.626","0.000"
"USEP","25 Mar 2019","22","96.05","0.00","6849.977","0.000"
"USEP","25 Mar 2019","23","97.03","0.00","6845.261","0.000"
"USEP","25 Mar 2019","24","93.93","0.00","6782.594","0.000"
"USEP","25 Mar 2019","25","93.94","0.00","6735.299","0.000"
"USEP","25 Mar 2019","26","92.39","0.00","6724.236","0.000"
"USEP","25 Mar 2019","27","94.44","0.00","6783.861","0.000"
"USEP","25 Mar 2019","28","93.91","0.00","6816.410","0.000"
"USEP","25 Mar 2019","29","93.91","0.00","6826.638","0.000"
"USEP","25 Mar 2019","30","93.95","0.00","6829.327","0.000"
"USEP","25 Mar 2019","31","95.37","0.00","6859.490","0.000"
"USEP","25 Mar 2019","32","95.36","0.00","6859.659","0.000"
"USEP","25 Mar 2019","33","94.84","0.00","6801.997","0.000"
"USEP","25 Mar 2019","34","92.83","0.00","6736.905","0.000"
"USEP","25 Mar 2019","35","91.67","0.00","6657.335","0.000"
"USEP","25 Mar 2019","36","90.22","0.00","6510.312","0.000"
"USEP","25 Mar 2019","37","90.91","0.00","6447.054","0.000"
"USEP","25 Mar 2019","38","93.39","0.00","6457.183","0.000"
"USEP","25 Mar 2019","39","95.89","0.00","6485.403","0.000"
"USEP","25 Mar 2019","40","97.00","0.00","6485.532","0.000"
"USEP","25 Mar 2019","41","96.02","0.00","6430.907","0.000"
"USEP","25 Mar 2019","42","101.07","0.00","6386.082","0.000"
"USEP","25 Mar 2019","43","101.06","0.00","6325.413","0.000"
"USEP","25 Mar 2019","44","100.76","0.00","6191.169","0.000"
"USEP","25 Mar 2019","45","96.93","0.00","6038.128","0.000"
"USEP","25 Mar 2019","46","94.89","0.00","5904.479","0.000"
"USEP","25 Mar 2019","47","92.68","0.00","5752.119","0.000"
"USEP","25 Mar 2019","48","90.18","0.00","5577.354","0.000"
"USEP","26 Mar 2019","1","93.84","0.00","5445.907","0.000"
"USEP","26 Mar 2019","2","92.47","0.00","5349.544","0.000"
"USEP","26 Mar 2019","3","90.78","0.00","5281.907","0.000"
"USEP","26 Mar 2019","4","88.18","0.00","5212.899","0.000"
"USEP","26 Mar 2019","5","83.52","0.00","5152.697","0.000"
"USEP","26 Mar 2019","6","83.51","0.00","5120.511","0.000"
"USEP","26 Mar 2019","7","82.42","0.00","5074.370","0.000"
"USEP","26 Mar 2019","8","81.39","0.00","5050.425","0.000"
"USEP","26 Mar 2019","9","81.40","0.00","5038.944","0.000"
"USEP","26 Mar 2019","10","81.40","0.00","5063.794","0.000"
"USEP","26 Mar 2019","11","83.54","0.00","5153.055","0.000"
"USEP","26 Mar 2019","12","89.35","0.00","5310.609","0.000"
"USEP","26 Mar 2019","13","104.85","0.00","5500.657","0.000"
"USEP","26 Mar 2019","14","106.97","0.00","5658.504","0.000"
"USEP","26 Mar 2019","15","91.24","0.00","5833.438","0.000"
"USEP","26 Mar 2019","16","98.65","0.00","6091.893","0.000"
"USEP","26 Mar 2019","17","101.00","0.00","6372.569","0.000"
"USEP","26 Mar 2019","18","101.03","0.00","6534.367","0.000"
"USEP","26 Mar 2019","19","113.31","0.00","6651.520","0.000"
"USEP","26 Mar 2019","20","107.27","0.00","6707.790","0.000"
"USEP","26 Mar 2019","21","108.68","0.00","6770.084","0.000"
"USEP","26 Mar 2019","22","113.36","0.00","6821.186","0.000"
"USEP","26 Mar 2019","23","113.28","0.00","6803.726","0.000"
"USEP","26 Mar 2019","24","113.28","0.00","6775.840","0.000"
"USEP","26 Mar 2019","25","106.63","0.00","6732.829","0.000"
"USEP","26 Mar 2019","26","108.68","0.00","6742.834","0.000"
"USEP","26 Mar 2019","27","113.36","0.00","6784.870","0.000"
"USEP","26 Mar 2019","28","113.32","0.00","6817.260","0.000"
"USEP","26 Mar 2019","29","113.59","0.00","6846.796","0.000"
"USEP","26 Mar 2019","30","113.60","0.00","6831.275","0.000"
"USEP","26 Mar 2019","31","113.31","0.00","6823.706","0.000"
"USEP","26 Mar 2019","32","113.64","0.00","6840.673","0.000"
"USEP","26 Mar 2019","33","113.32","0.00","6834.510","0.000"
"USEP","26 Mar 2019","34","113.31","0.00","6827.443","0.000"
"USEP","26 Mar 2019","35","108.13","0.00","6742.893","0.000"
"USEP","26 Mar 2019","36","98.96","0.00","6616.099","0.000"
"USEP","26 Mar 2019","37","98.74","0.00","6529.188","0.000"
"USEP","26 Mar 2019","38","98.96","0.00","6547.622","0.000"
"USEP","26 Mar 2019","39","100.98","0.00","6554.516","0.000"
"USEP","26 Mar 2019","40","100.32","0.00","6535.128","0.000"
"USEP","26 Mar 2019","41","98.99","0.00","6484.642","0.000"
"USEP","26 Mar 2019","42","106.06","0.00","6432.626","0.000"
"USEP","26 Mar 2019","43","106.04","0.00","6380.585","0.000"
"USEP","26 Mar 2019","44","101.01","0.00","6267.518","0.000"
"USEP","26 Mar 2019","45","100.97","0.00","6126.922","0.000"
"USEP","26 Mar 2019","46","96.93","0.00","5995.122","0.000"
"USEP","26 Mar 2019","47","95.68","0.00","5853.149","0.000"
"USEP","26 Mar 2019","48","93.88","0.00","5758.361","0.000"
"USEP","27 Mar 2019","1","106.88","0.00","5658.087","0.000"
"USEP","27 Mar 2019","2","103.02","0.00","5556.132","0.000"
"USEP","27 Mar 2019","3","94.30","0.00","5409.810","0.000"
"USEP","27 Mar 2019","4","93.28","0.00","5332.681","0.000"
"USEP","27 Mar 2019","5","91.09","0.00","5278.607","0.000"
"USEP","27 Mar 2019","6","89.32","0.00","5231.437","0.000"
"USEP","27 Mar 2019","7","88.12","0.00","5179.958","0.000"
"USEP","27 Mar 2019","8","86.70","0.00","5156.375","0.000"
"USEP","27 Mar 2019","9","86.70","0.00","5149.392","0.000"
"USEP","27 Mar 2019","10","86.70","0.00","5168.283","0.000"
"USEP","27 Mar 2019","11","89.23","0.00","5248.236","0.000"
"USEP","27 Mar 2019","12","93.62","0.00","5391.704","0.000"
"USEP","27 Mar 2019","13","96.75","0.00","5561.261","0.000"
"USEP","27 Mar 2019","14","97.89","0.00","5716.991","0.000"
"USEP","27 Mar 2019","15","90.26","0.00","5881.965","0.000"
"USEP","27 Mar 2019","16","91.88","0.00","6140.828","0.000"
"USEP","27 Mar 2019","17","94.61","0.00","6391.375","0.000"
"USEP","27 Mar 2019","18","91.67","0.00","6566.394","0.000"
"USEP","27 Mar 2019","19","91.92","0.00","6669.760","0.000"
"USEP","27 Mar 2019","20","93.90","0.00","6754.971","0.000"
"USEP","27 Mar 2019","21","93.91","0.00","6812.672","0.000"
"USEP","27 Mar 2019","22","94.66","0.00","6845.524","0.000"
"USEP","27 Mar 2019","23","93.91","0.00","6841.230","0.000"
"USEP","27 Mar 2019","24","93.75","0.00","6783.573","0.000"
"USEP","27 Mar 2019","25","91.93","0.00","6733.311","0.000"
"USEP","27 Mar 2019","26","93.43","0.00","6750.716","0.000"
"USEP","27 Mar 2019","27","93.92","0.00","6792.171","0.000"
"USEP","27 Mar 2019","28","93.92","0.00","6823.537","0.000"
"USEP","27 Mar 2019","29","93.92","0.00","6832.025","0.000"
"USEP","27 Mar 2019","30","93.92","0.00","6835.634","0.000"
"USEP","27 Mar 2019","31","94.64","0.00","6837.979","0.000"
"USEP","27 Mar 2019","32","94.71","0.00","6848.536","0.000"
"USEP","27 Mar 2019","33","94.98","0.00","6857.507","0.000"
"USEP","27 Mar 2019","34","94.64","0.00","6832.165","0.000"
"USEP","27 Mar 2019","35","93.91","0.00","6763.613","0.000"
"USEP","27 Mar 2019","36","91.89","0.00","6653.965","0.000"
"USEP","27 Mar 2019","37","93.67","0.00","6568.804","0.000"
"USEP","27 Mar 2019","38","93.93","0.00","6571.438","0.000"
"USEP","27 Mar 2019","39","95.36","0.00","6580.031","0.000"
"USEP","27 Mar 2019","40","96.00","0.00","6558.278","0.000"
"USEP","27 Mar 2019","41","97.00","0.00","6517.072","0.000"
"USEP","27 Mar 2019","42","106.10","0.00","6481.114","0.000"
"USEP","27 Mar 2019","43","106.05","0.00","6411.086","0.000"
"USEP","27 Mar 2019","44","101.02","0.00","6296.742","0.000"
"USEP","27 Mar 2019","45","100.98","0.00","6153.337","0.000"
"USEP","27 Mar 2019","46","100.89","0.00","6027.000","0.000"
"USEP","27 Mar 2019","47","95.83","0.00","5891.408","0.000"
"USEP","27 Mar 2019","48","93.86","0.00","5737.756","0.000"
"USEP","28 Mar 2019","1","105.06","0.00","5594.600","0.000"
"USEP","28 Mar 2019","2","101.24","0.00","5494.683","0.000"
"USEP","28 Mar 2019","3","95.66","0.00","5423.388","0.000"
"USEP","28 Mar 2019","4","93.82","0.00","5351.616","0.000"
"USEP","28 Mar 2019","5","91.57","0.00","5290.774","0.000"
"USEP","28 Mar 2019","6","90.86","0.00","5244.523","0.000"
"USEP","28 Mar 2019","7","89.22","0.00","5213.704","0.000"
"USEP","28 Mar 2019","8","88.70","0.00","5183.248","0.000"
"USEP","28 Mar 2019","9","88.80","0.00","5184.610","0.000"
"USEP","28 Mar 2019","10","89.22","0.00","5213.470","0.000"
"USEP","28 Mar 2019","11","91.56","0.00","5284.651","0.000"
"USEP","28 Mar 2019","12","95.25","0.00","5438.686","0.000"
"USEP","28 Mar 2019","13","101.93","0.00","5608.133","0.000"
"USEP","28 Mar 2019","14","104.88","0.00","5765.752","0.000"
"USEP","28 Mar 2019","15","93.85","0.00","5934.096","0.000"
"USEP","28 Mar 2019","16","96.16","0.00","6182.809","0.000"
"USEP","28 Mar 2019","17","99.01","0.00","6449.693","0.000"
"USEP","28 Mar 2019","18","93.90","0.00","6620.994","0.000"
"USEP","28 Mar 2019","19","94.96","0.00","6731.785","0.000"
"USEP","28 Mar 2019","20","95.43","0.00","6801.669","0.000"
"USEP","28 Mar 2019","21","96.02","0.00","6852.581","0.000"
"USEP","28 Mar 2019","22","97.45","0.00","6894.692","0.000"
"USEP","28 Mar 2019","23","96.96","0.00","6872.824","0.000"
"USEP","28 Mar 2019","24","95.07","0.00","6810.192","0.000"
"USEP","28 Mar 2019","25","93.90","0.00","6770.278","0.000"
"USEP","28 Mar 2019","26","94.97","0.00","6790.357","0.000"
"USEP","28 Mar 2019","27","97.00","0.00","6863.177","0.000"
"USEP","28 Mar 2019","28","98.18","0.00","6913.563","0.000"
"USEP","28 Mar 2019","29","98.28","0.00","6910.044","0.000"
"USEP","28 Mar 2019","30","98.27","0.00","6905.179","0.000"
"USEP","28 Mar 2019","31","98.37","0.00","6905.810","0.000"
"USEP","28 Mar 2019","32","97.46","0.00","6897.813","0.000"
"USEP","28 Mar 2019","33","97.00","0.00","6886.198","0.000"
"USEP","28 Mar 2019","34","95.85","0.00","6820.068","0.000"
"USEP","28 Mar 2019","35","93.34","0.00","6688.571","0.000"
"USEP","28 Mar 2019","36","89.87","0.00","6483.872","0.000"
"USEP","28 Mar 2019","37","89.86","0.00","6366.391","0.000"
"USEP","28 Mar 2019","38","90.86","0.00","6371.406","0.000"
"USEP","28 Mar 2019","39","93.11","0.00","6380.376","0.000"
"USEP","28 Mar 2019","40","93.86","0.00","6365.735","0.000"
"USEP","28 Mar 2019","41","93.87","0.00","6342.560","0.000"
"USEP","28 Mar 2019","42","101.02","0.00","6301.587","0.000"
"USEP","28 Mar 2019","43","100.97","0.00","6234.253","0.000"
"USEP","28 Mar 2019","44","98.94","0.00","6111.231","0.000"
"USEP","28 Mar 2019","45","95.82","0.00","5959.542","0.000"
"USEP","28 Mar 2019","46","94.47","0.00","5822.226","0.000"
"USEP","28 Mar 2019","47","91.73","0.00","5679.944","0.000"
"USEP","28 Mar 2019","48","89.23","0.00","5513.633","0.000"
"USEP","29 Mar 2019","1","91.57","0.00","5331.990","0.000"
"USEP","29 Mar 2019","2","89.22","0.00","5232.356","0.000"
"USEP","29 Mar 2019","3","88.81","0.00","5184.356","0.000"
"USEP","29 Mar 2019","4","86.71","0.00","5113.931","0.000"
"USEP","29 Mar 2019","5","83.70","0.00","5073.376","0.000"
"USEP","29 Mar 2019","6","82.68","0.00","5034.053","0.000"
"USEP","29 Mar 2019","7","80.73","0.00","4997.976","0.000"
"USEP","29 Mar 2019","8","80.48","0.00","4987.141","0.000"
"USEP","29 Mar 2019","9","79.91","0.00","4978.961","0.000"
"USEP","29 Mar 2019","10","81.68","0.00","5023.850","0.000"
"USEP","29 Mar 2019","11","86.67","0.00","5095.636","0.000"
"USEP","29 Mar 2019","12","88.82","0.00","5244.682","0.000"
"USEP","29 Mar 2019","13","93.30","0.00","5416.137","0.000"
"USEP","29 Mar 2019","14","93.24","0.00","5579.217","0.000"
"USEP","29 Mar 2019","15","89.36","0.00","5757.650","0.000"
"USEP","29 Mar 2019","16","89.99","0.00","6011.637","0.000"
"USEP","29 Mar 2019","17","91.62","0.00","6274.570","0.000"
"USEP","29 Mar 2019","18","89.89","0.00","6443.157","0.000"
"USEP","29 Mar 2019","19","90.22","0.00","6538.055","0.000"
"USEP","29 Mar 2019","20","90.84","0.00","6640.104","0.000"
"USEP","29 Mar 2019","21","91.67","0.00","6701.766","0.000"
"USEP","29 Mar 2019","22","92.91","0.00","6752.833","0.000"
"USEP","29 Mar 2019","23","91.68","0.00","6741.984","0.000"
"USEP","29 Mar 2019","24","90.84","0.00","6683.879","0.000"
"USEP","29 Mar 2019","25","90.47","0.00","6660.172","0.000"
"USEP","29 Mar 2019","26","90.92","0.00","6678.129","0.000"
"USEP","29 Mar 2019","27","91.68","0.00","6720.896","0.000"
"USEP","29 Mar 2019","28","91.94","0.00","6746.009","0.000"
"USEP","29 Mar 2019","29","91.68","0.00","6742.938","0.000"
"USEP","29 Mar 2019","30","91.67","0.00","6723.664","0.000"
"USEP","29 Mar 2019","31","90.92","0.00","6707.059","0.000"
"USEP","29 Mar 2019","32","91.69","0.00","6725.026","0.000"
"USEP","29 Mar 2019","33","91.92","0.00","6711.060","0.000"
"USEP","29 Mar 2019","34","91.67","0.00","6690.365","0.000"
"USEP","29 Mar 2019","35","90.91","0.00","6612.575","0.000"
"USEP","29 Mar 2019","36","89.91","0.00","6486.088","0.000"
"USEP","29 Mar 2019","37","90.72","0.00","6404.227","0.000"
"USEP","29 Mar 2019","38","90.78","0.00","6395.937","0.000"
"USEP","29 Mar 2019","39","92.35","0.00","6407.125","0.000"
"USEP","29 Mar 2019","40","93.91","0.00","6392.483","0.000"
"USEP","29 Mar 2019","41","95.30","0.00","6332.699","0.000"
"USEP","29 Mar 2019","42","101.01","0.00","6298.222","0.000"
"USEP","29 Mar 2019","43","101.01","0.00","6235.869","0.000"
"USEP","29 Mar 2019","44","99.95","0.00","6141.697","0.000"
"USEP","29 Mar 2019","45","98.75","0.00","6022.134","0.000"
"USEP","29 Mar 2019","46","96.29","0.00","5913.664","0.000"
"USEP","29 Mar 2019","47","100.97","0.00","5799.443","0.000"
"USEP","29 Mar 2019","48","100.89","0.00","5695.346","0.000"
"USEP","30 Mar 2019","1","113.82","0.00","5590.499","0.000"
"USEP","30 Mar 2019","2","112.95","0.00","5489.961","0.000"
"USEP","30 Mar 2019","3","110.87","0.00","5358.256","0.000"
"USEP","30 Mar 2019","4","104.85","0.00","5279.079","0.000"
"USEP","30 Mar 2019","5","100.80","0.00","5216.164","0.000"
"USEP","30 Mar 2019","6","95.52","0.00","5159.829","0.000"
"USEP","30 Mar 2019","7","94.49","0.00","5113.285","0.000"
"USEP","30 Mar 2019","8","94.05","0.00","5078.321","0.000"
"USEP","30 Mar 2019","9","93.80","0.00","5049.987","0.000"
"USEP","30 Mar 2019","10","93.81","0.00","5061.984","0.000"
"USEP","30 Mar 2019","11","94.06","0.00","5087.749","0.000"
"USEP","30 Mar 2019","12","94.93","0.00","5143.587","0.000"
"USEP","30 Mar 2019","13","96.25","0.00","5214.071","0.000"
"USEP","30 Mar 2019","14","99.63","0.00","5278.587","0.000"
"USEP","30 Mar 2019","15","102.04","0.00","5362.496","0.000"
"USEP","30 Mar 2019","16","104.85","0.00","5518.390","0.000"
"USEP","30 Mar 2019","17","101.67","0.00","5730.290","0.000"
"USEP","30 Mar 2019","18","98.96","0.00","5878.705","0.000"
"USEP","30 Mar 2019","19","101.02","0.00","5983.532","0.000"
"USEP","30 Mar 2019","20","104.20","0.00","6058.877","0.000"
"USEP","30 Mar 2019","21","106.03","0.00","6132.776","0.000"
"USEP","30 Mar 2019","22","106.02","0.00","6161.562","0.000"
"USEP","30 Mar 2019","23","101.01","0.00","6108.065","0.000"
"USEP","30 Mar 2019","24","101.44","0.00","6021.925","0.000"
"USEP","30 Mar 2019","25","97.97","0.00","5956.982","0.000"
"USEP","30 Mar 2019","26","95.74","0.00","5914.404","0.000"
"USEP","30 Mar 2019","27","95.81","0.00","5889.698","0.000"
"USEP","30 Mar 2019","28","95.73","0.00","5872.244","0.000"
"USEP","30 Mar 2019","29","94.72","0.00","5842.006","0.000"
"USEP","30 Mar 2019","30","93.80","0.00","5809.353","0.000"
"USEP","30 Mar 2019","31","93.80","0.00","5795.268","0.000"
"USEP","30 Mar 2019","32","93.80","0.00","5784.548","0.000"
"USEP","30 Mar 2019","33","93.71","0.00","5767.257","0.000"
"USEP","30 Mar 2019","34","93.80","0.00","5754.986","0.000"
"USEP","30 Mar 2019","35","94.13","0.00","5737.870","0.000"
"USEP","30 Mar 2019","36","95.72","0.00","5738.481","0.000"
"USEP","30 Mar 2019","37","96.88","0.00","5772.376","0.000"
"USEP","30 Mar 2019","38","101.85","0.00","5861.702","0.000"
"USEP","30 Mar 2019","39","109.07","0.00","5936.009","0.000"
"USEP","30 Mar 2019","40","109.05","0.00","5954.318","0.000"
"USEP","30 Mar 2019","41","109.07","0.00","5951.386","0.000"
"USEP","30 Mar 2019","42","109.05","0.00","5950.422","0.000"
"USEP","30 Mar 2019","43","110.89","0.00","5929.553","0.000"
"USEP","30 Mar 2019","44","111.06","0.00","5861.011","0.000"
"USEP","30 Mar 2019","45","106.04","0.00","5763.624","0.000"
"USEP","30 Mar 2019","46","106.03","0.00","5691.505","0.000"
"USEP","30 Mar 2019","47","105.86","0.00","5603.898","0.000"
"USEP","30 Mar 2019","48","111.04","0.00","5553.850","0.000"
"USEP","31 Mar 2019","1","115.52","0.00","5497.098","0.000"
"USEP","31 Mar 2019","2","113.54","0.00","5399.114","0.000"
"USEP","31 Mar 2019","3","108.43","0.00","5243.151","0.000"
"USEP","31 Mar 2019","4","101.80","0.00","5165.281","0.000"
"USEP","31 Mar 2019","5","94.84","0.00","5097.008","0.000"
"USEP","31 Mar 2019","6","94.28","0.00","5044.416","0.000"
"USEP","31 Mar 2019","7","92.70","0.00","5003.507","0.000"
"USEP","31 Mar 2019","8","91.71","0.00","4970.869","0.000"
"USEP","31 Mar 2019","9","91.51","0.00","4949.459","0.000"
"USEP","31 Mar 2019","10","91.52","0.00","4958.594","0.000"
"USEP","31 Mar 2019","11","92.50","0.00","4989.924","0.000"
"USEP","31 Mar 2019","12","92.50","0.00","5030.007","0.000"
"USEP","31 Mar 2019","13","91.72","0.00","5058.282","0.000"
"USEP","31 Mar 2019","14","89.31","0.00","5094.116","0.000"
"USEP","31 Mar 2019","15","85.65","0.00","5139.268","0.000"
"USEP","31 Mar 2019","16","85.66","0.00","5217.655","0.000"
"USEP","31 Mar 2019","17","89.36","0.00","5343.764","0.000"
"USEP","31 Mar 2019","18","93.48","0.00","5450.668","0.000"
"USEP","31 Mar 2019","19","93.88","0.00","5544.194","0.000"
"USEP","31 Mar 2019","20","97.30","0.00","5632.332","0.000"
"USEP","31 Mar 2019","21","97.89","0.00","5709.551","0.000"
"USEP","31 Mar 2019","22","91.72","0.00","5737.368","0.000"
"USEP","31 Mar 2019","23","90.72","0.00","5741.582","0.000"
"USEP","31 Mar 2019","24","89.71","0.00","5721.170","0.000"
"USEP","31 Mar 2019","25","95.81","0.00","5699.148","0.000"
"USEP","31 Mar 2019","26","95.80","0.00","5697.121","0.000"
"USEP","31 Mar 2019","27","99.80","0.00","5712.890","0.000"
"USEP","31 Mar 2019","28","96.86","0.00","5720.514","0.000"
"USEP","31 Mar 2019","29","92.11","0.00","5735.454","0.000"
"USEP","31 Mar 2019","30","91.60","0.00","5731.563","0.000"
"USEP","31 Mar 2019","31","91.72","0.00","5729.008","0.000"
"USEP","31 Mar 2019","32","91.72","0.00","5725.609","0.000"
"USEP","31 Mar 2019","33","91.60","0.00","5718.079","0.000"
"USEP","31 Mar 2019","34","91.59","0.00","5703.139","0.000"
"USEP","31 Mar 2019","35","91.59","0.00","5695.451","0.000"
"USEP","31 Mar 2019","36","91.72","0.00","5700.570","0.000"
"USEP","31 Mar 2019","37","93.88","0.00","5740.027","0.000"
"USEP","31 Mar 2019","38","98.70","0.00","5849.337","0.000"
"USEP","31 Mar 2019","39","99.97","0.00","5932.276","0.000"
"USEP","31 Mar 2019","40","100.95","0.00","5966.172","0.000"
"USEP","31 Mar 2019","41","100.95","0.00","5995.529","0.000"
"USEP","31 Mar 2019","42","102.22","0.00","6035.657","0.000"
"USEP","31 Mar 2019","43","102.22","0.00","6038.112","0.000"
"USEP","31 Mar 2019","44","100.96","0.00","5971.231","0.000"
"USEP","31 Mar 2019","45","100.84","0.00","5874.127","0.000"
"USEP","31 Mar 2019","46","99.85","0.00","5771.323","0.000"
"USEP","31 Mar 2019","47","99.96","0.00","5646.188","0.000"
"USEP","31 Mar 2019","48","98.34","0.00","5513.678","0.000"
